-- MySQL dump 10.13  Distrib 5.7.33, for Linux (x86_64)
--
-- Host: 127.0.0.1    Database: study_nuxt_laravel_ecommerce
-- ------------------------------------------------------
-- Server version	5.7.33-0ubuntu0.18.04.1

/*!40101 SET @OLD_CHARACTER_SET_CLIENT=@@CHARACTER_SET_CLIENT */;
/*!40101 SET @OLD_CHARACTER_SET_RESULTS=@@CHARACTER_SET_RESULTS */;
/*!40101 SET @OLD_COLLATION_CONNECTION=@@COLLATION_CONNECTION */;
/*!40101 SET NAMES utf8 */;
/*!40103 SET @OLD_TIME_ZONE=@@TIME_ZONE */;
/*!40103 SET TIME_ZONE='+00:00' */;
/*!40014 SET @OLD_UNIQUE_CHECKS=@@UNIQUE_CHECKS, UNIQUE_CHECKS=0 */;
/*!40014 SET @OLD_FOREIGN_KEY_CHECKS=@@FOREIGN_KEY_CHECKS, FOREIGN_KEY_CHECKS=0 */;
/*!40101 SET @OLD_SQL_MODE=@@SQL_MODE, SQL_MODE='NO_AUTO_VALUE_ON_ZERO' */;
/*!40111 SET @OLD_SQL_NOTES=@@SQL_NOTES, SQL_NOTES=0 */;

--
-- Table structure for table `addresses`
--

DROP TABLE IF EXISTS `addresses`;
/*!40101 SET @saved_cs_client     = @@character_set_client */;
/*!40101 SET character_set_client = utf8 */;
CREATE TABLE `addresses` (
  `id` bigint(20) unsigned NOT NULL AUTO_INCREMENT,
  `user_id` bigint(20) unsigned DEFAULT NULL,
  `country_id` bigint(20) unsigned DEFAULT NULL,
  `address_1` varchar(255) COLLATE utf8mb4_unicode_ci NOT NULL,
  `name` varchar(255) COLLATE utf8mb4_unicode_ci NOT NULL,
  `city` varchar(255) COLLATE utf8mb4_unicode_ci NOT NULL,
  `postal_code` varchar(255) COLLATE utf8mb4_unicode_ci DEFAULT NULL,
  `default` tinyint(1) NOT NULL DEFAULT '0',
  `created_at` timestamp NULL DEFAULT NULL,
  `updated_at` timestamp NULL DEFAULT NULL,
  PRIMARY KEY (`id`),
  KEY `addresses_user_id_foreign` (`user_id`),
  KEY `addresses_country_id_foreign` (`country_id`),
  CONSTRAINT `addresses_country_id_foreign` FOREIGN KEY (`country_id`) REFERENCES `countries` (`id`) ON DELETE CASCADE,
  CONSTRAINT `addresses_user_id_foreign` FOREIGN KEY (`user_id`) REFERENCES `users` (`id`) ON DELETE CASCADE
) ENGINE=InnoDB AUTO_INCREMENT=3 DEFAULT CHARSET=utf8mb4 COLLATE=utf8mb4_unicode_ci;
/*!40101 SET character_set_client = @saved_cs_client */;

--
-- Dumping data for table `addresses`
--

LOCK TABLES `addresses` WRITE;
/*!40000 ALTER TABLE `addresses` DISABLE KEYS */;
INSERT INTO `addresses` VALUES (1,1,1,'5952 Matilda Mission Suite 863','Mr. Johann Schumm','Deckowstad','13759',0,'2021-02-10 00:24:10','2021-02-10 00:24:10'),(2,1,2,'168 Antonetta Extension','Mrs. Marjolaine Swift','South Leonorastad','97429',0,'2021-02-10 00:24:10','2021-02-10 00:24:10');
/*!40000 ALTER TABLE `addresses` ENABLE KEYS */;
UNLOCK TABLES;

--
-- Table structure for table `bids`
--

DROP TABLE IF EXISTS `bids`;
/*!40101 SET @saved_cs_client     = @@character_set_client */;
/*!40101 SET character_set_client = utf8 */;
CREATE TABLE `bids` (
  `id` bigint(20) unsigned NOT NULL AUTO_INCREMENT,
  `user_id` bigint(20) unsigned NOT NULL,
  `product_id` bigint(20) unsigned NOT NULL,
  `bid_value` double(8,2) unsigned NOT NULL,
  `created_at` timestamp NULL DEFAULT NULL,
  `updated_at` timestamp NULL DEFAULT NULL,
  PRIMARY KEY (`id`)
) ENGINE=InnoDB DEFAULT CHARSET=utf8mb4 COLLATE=utf8mb4_unicode_ci;
/*!40101 SET character_set_client = @saved_cs_client */;

--
-- Dumping data for table `bids`
--

LOCK TABLES `bids` WRITE;
/*!40000 ALTER TABLE `bids` DISABLE KEYS */;
/*!40000 ALTER TABLE `bids` ENABLE KEYS */;
UNLOCK TABLES;

--
-- Table structure for table `categories`
--

DROP TABLE IF EXISTS `categories`;
/*!40101 SET @saved_cs_client     = @@character_set_client */;
/*!40101 SET character_set_client = utf8 */;
CREATE TABLE `categories` (
  `id` bigint(20) unsigned NOT NULL AUTO_INCREMENT,
  `name` varchar(255) COLLATE utf8mb4_unicode_ci NOT NULL,
  `slug` varchar(255) COLLATE utf8mb4_unicode_ci NOT NULL,
  `order` int(11) DEFAULT NULL,
  `_lft` int(10) unsigned NOT NULL DEFAULT '0',
  `_rgt` int(10) unsigned NOT NULL DEFAULT '0',
  `parent_id` int(10) unsigned DEFAULT NULL,
  `created_at` timestamp NULL DEFAULT NULL,
  `updated_at` timestamp NULL DEFAULT NULL,
  PRIMARY KEY (`id`),
  UNIQUE KEY `categories_slug_unique` (`slug`),
  KEY `categories__lft__rgt_parent_id_index` (`_lft`,`_rgt`,`parent_id`)
) ENGINE=InnoDB AUTO_INCREMENT=4 DEFAULT CHARSET=utf8mb4 COLLATE=utf8mb4_unicode_ci;
/*!40101 SET character_set_client = @saved_cs_client */;

--
-- Dumping data for table `categories`
--

LOCK TABLES `categories` WRITE;
/*!40000 ALTER TABLE `categories` DISABLE KEYS */;
INSERT INTO `categories` VALUES (1,'Alessandro Kemmer','alessandro-kemmer',NULL,1,2,NULL,'2021-02-10 00:24:10','2021-02-10 00:24:10'),(2,'Wilbert Zulauf DVM','wilbert-zulauf-dvm',NULL,3,4,NULL,'2021-02-10 00:24:10','2021-02-10 00:24:10'),(3,'Eldridge Reilly','eldridge-reilly',NULL,5,6,NULL,'2021-02-10 00:24:10','2021-02-10 00:24:10');
/*!40000 ALTER TABLE `categories` ENABLE KEYS */;
UNLOCK TABLES;

--
-- Table structure for table `category_product`
--

DROP TABLE IF EXISTS `category_product`;
/*!40101 SET @saved_cs_client     = @@character_set_client */;
/*!40101 SET character_set_client = utf8 */;
CREATE TABLE `category_product` (
  `product_id` bigint(20) unsigned NOT NULL,
  `category_id` bigint(20) unsigned NOT NULL,
  KEY `category_product_product_id_foreign` (`product_id`),
  KEY `category_product_category_id_foreign` (`category_id`),
  CONSTRAINT `category_product_category_id_foreign` FOREIGN KEY (`category_id`) REFERENCES `categories` (`id`) ON DELETE CASCADE,
  CONSTRAINT `category_product_product_id_foreign` FOREIGN KEY (`product_id`) REFERENCES `products` (`id`) ON DELETE CASCADE
) ENGINE=InnoDB DEFAULT CHARSET=utf8mb4 COLLATE=utf8mb4_unicode_ci;
/*!40101 SET character_set_client = @saved_cs_client */;

--
-- Dumping data for table `category_product`
--

LOCK TABLES `category_product` WRITE;
/*!40000 ALTER TABLE `category_product` DISABLE KEYS */;
INSERT INTO `category_product` VALUES (1,3),(2,2),(3,2),(4,2),(5,1),(6,1),(7,3),(8,1),(9,2),(10,2),(11,2),(12,1),(13,3),(14,3),(15,1),(16,1),(17,3),(18,1),(19,3),(20,3),(21,1),(22,2),(23,2),(24,3),(25,3),(26,2),(27,3),(28,3),(29,2),(30,2),(31,2),(32,3),(33,3),(34,1),(35,3),(36,1),(37,3),(38,1),(39,3),(40,2),(41,2),(42,3),(43,2),(44,2),(45,2),(46,1),(47,1),(48,2),(49,3),(50,3),(51,2),(52,1),(53,3),(54,3),(55,2),(56,2),(57,1),(58,3),(59,2),(60,2),(61,2),(62,1),(63,2),(64,3),(65,1),(66,1),(67,2),(68,2),(69,2),(70,2),(71,3),(72,1),(73,1),(74,2),(75,2),(76,3),(77,1),(78,2),(79,2),(80,2),(81,2),(82,1),(83,2),(84,1),(85,1),(86,1),(87,3),(88,1),(89,3),(90,2),(91,1),(92,3),(93,3),(94,1),(95,2),(96,1),(97,3),(98,2),(99,2),(100,3);
/*!40000 ALTER TABLE `category_product` ENABLE KEYS */;
UNLOCK TABLES;

--
-- Table structure for table `countries`
--

DROP TABLE IF EXISTS `countries`;
/*!40101 SET @saved_cs_client     = @@character_set_client */;
/*!40101 SET character_set_client = utf8 */;
CREATE TABLE `countries` (
  `id` bigint(20) unsigned NOT NULL AUTO_INCREMENT,
  `name` varchar(255) COLLATE utf8mb4_unicode_ci NOT NULL,
  `code` varchar(255) COLLATE utf8mb4_unicode_ci NOT NULL,
  `created_at` timestamp NULL DEFAULT NULL,
  `updated_at` timestamp NULL DEFAULT NULL,
  PRIMARY KEY (`id`)
) ENGINE=InnoDB AUTO_INCREMENT=242 DEFAULT CHARSET=utf8mb4 COLLATE=utf8mb4_unicode_ci;
/*!40101 SET character_set_client = @saved_cs_client */;

--
-- Dumping data for table `countries`
--

LOCK TABLES `countries` WRITE;
/*!40000 ALTER TABLE `countries` DISABLE KEYS */;
INSERT INTO `countries` VALUES (1,'Egypt','EG','2021-02-10 00:24:10','2021-02-10 00:24:10'),(2,'Egypt','EG','2021-02-10 00:24:10','2021-02-10 00:24:10'),(3,'Afghanistan','AF','2021-02-10 00:24:14','2021-02-10 00:24:14'),(4,'Albania','AL','2021-02-10 00:24:14','2021-02-10 00:24:14'),(5,'Algeria','DZ','2021-02-10 00:24:14','2021-02-10 00:24:14'),(6,'American Samoa','AS','2021-02-10 00:24:14','2021-02-10 00:24:14'),(7,'Andorra','AD','2021-02-10 00:24:14','2021-02-10 00:24:14'),(8,'Angola','AO','2021-02-10 00:24:14','2021-02-10 00:24:14'),(9,'Anguilla','AI','2021-02-10 00:24:14','2021-02-10 00:24:14'),(10,'Antarctica','AQ','2021-02-10 00:24:14','2021-02-10 00:24:14'),(11,'Antigua and Barbuda','AG','2021-02-10 00:24:14','2021-02-10 00:24:14'),(12,'Argentina','AR','2021-02-10 00:24:14','2021-02-10 00:24:14'),(13,'Armenia','AM','2021-02-10 00:24:14','2021-02-10 00:24:14'),(14,'Aruba','AW','2021-02-10 00:24:14','2021-02-10 00:24:14'),(15,'Australia','AU','2021-02-10 00:24:14','2021-02-10 00:24:14'),(16,'Austria','AT','2021-02-10 00:24:14','2021-02-10 00:24:14'),(17,'Azerbaijan','AZ','2021-02-10 00:24:14','2021-02-10 00:24:14'),(18,'Bahamas','BS','2021-02-10 00:24:14','2021-02-10 00:24:14'),(19,'Bahrain','BH','2021-02-10 00:24:14','2021-02-10 00:24:14'),(20,'Bangladesh','BD','2021-02-10 00:24:14','2021-02-10 00:24:14'),(21,'Barbados','BB','2021-02-10 00:24:14','2021-02-10 00:24:14'),(22,'Belarus','BY','2021-02-10 00:24:14','2021-02-10 00:24:14'),(23,'Belgium','BE','2021-02-10 00:24:14','2021-02-10 00:24:14'),(24,'Belize','BZ','2021-02-10 00:24:14','2021-02-10 00:24:14'),(25,'Benin','BJ','2021-02-10 00:24:14','2021-02-10 00:24:14'),(26,'Bermuda','BM','2021-02-10 00:24:14','2021-02-10 00:24:14'),(27,'Bhutan','BT','2021-02-10 00:24:14','2021-02-10 00:24:14'),(28,'Bolivia','BO','2021-02-10 00:24:14','2021-02-10 00:24:14'),(29,'Bosnia and Herzegovina','BA','2021-02-10 00:24:14','2021-02-10 00:24:14'),(30,'Botswana','BW','2021-02-10 00:24:14','2021-02-10 00:24:14'),(31,'Bouvet Island','BV','2021-02-10 00:24:14','2021-02-10 00:24:14'),(32,'Brazil','BR','2021-02-10 00:24:14','2021-02-10 00:24:14'),(33,'British Indian Ocean Territory','IO','2021-02-10 00:24:14','2021-02-10 00:24:14'),(34,'Brunei Darussalam','BN','2021-02-10 00:24:14','2021-02-10 00:24:14'),(35,'Bulgaria','BG','2021-02-10 00:24:14','2021-02-10 00:24:14'),(36,'Burkina Faso','BF','2021-02-10 00:24:14','2021-02-10 00:24:14'),(37,'Burundi','BI','2021-02-10 00:24:14','2021-02-10 00:24:14'),(38,'Cambodia','KH','2021-02-10 00:24:14','2021-02-10 00:24:14'),(39,'Cameroon','CM','2021-02-10 00:24:14','2021-02-10 00:24:14'),(40,'Canada','CA','2021-02-10 00:24:14','2021-02-10 00:24:14'),(41,'Cape Verde','CV','2021-02-10 00:24:14','2021-02-10 00:24:14'),(42,'Cayman Islands','KY','2021-02-10 00:24:14','2021-02-10 00:24:14'),(43,'Central African Republic','CF','2021-02-10 00:24:14','2021-02-10 00:24:14'),(44,'Chad','TD','2021-02-10 00:24:14','2021-02-10 00:24:14'),(45,'Chile','CL','2021-02-10 00:24:14','2021-02-10 00:24:14'),(46,'China','CN','2021-02-10 00:24:14','2021-02-10 00:24:14'),(47,'Christmas Island','CX','2021-02-10 00:24:14','2021-02-10 00:24:14'),(48,'Cocos (Keeling) Islands','CC','2021-02-10 00:24:14','2021-02-10 00:24:14'),(49,'Colombia','CO','2021-02-10 00:24:14','2021-02-10 00:24:14'),(50,'Comoros','KM','2021-02-10 00:24:14','2021-02-10 00:24:14'),(51,'Congo','CG','2021-02-10 00:24:14','2021-02-10 00:24:14'),(52,'Congo, the Democratic Republic of the','CD','2021-02-10 00:24:14','2021-02-10 00:24:14'),(53,'Cook Islands','CK','2021-02-10 00:24:14','2021-02-10 00:24:14'),(54,'Costa Rica','CR','2021-02-10 00:24:14','2021-02-10 00:24:14'),(55,'Cote D\'Ivoire','CI','2021-02-10 00:24:14','2021-02-10 00:24:14'),(56,'Croatia','HR','2021-02-10 00:24:14','2021-02-10 00:24:14'),(57,'Cuba','CU','2021-02-10 00:24:14','2021-02-10 00:24:14'),(58,'Cyprus','CY','2021-02-10 00:24:14','2021-02-10 00:24:14'),(59,'Czech Republic','CZ','2021-02-10 00:24:14','2021-02-10 00:24:14'),(60,'Denmark','DK','2021-02-10 00:24:14','2021-02-10 00:24:14'),(61,'Djibouti','DJ','2021-02-10 00:24:14','2021-02-10 00:24:14'),(62,'Dominica','DM','2021-02-10 00:24:14','2021-02-10 00:24:14'),(63,'Dominican Republic','DO','2021-02-10 00:24:14','2021-02-10 00:24:14'),(64,'Ecuador','EC','2021-02-10 00:24:14','2021-02-10 00:24:14'),(65,'Egypt','EG','2021-02-10 00:24:14','2021-02-10 00:24:14'),(66,'El Salvador','SV','2021-02-10 00:24:14','2021-02-10 00:24:14'),(67,'Equatorial Guinea','GQ','2021-02-10 00:24:14','2021-02-10 00:24:14'),(68,'Eritrea','ER','2021-02-10 00:24:14','2021-02-10 00:24:14'),(69,'Estonia','EE','2021-02-10 00:24:14','2021-02-10 00:24:14'),(70,'Ethiopia','ET','2021-02-10 00:24:14','2021-02-10 00:24:14'),(71,'Falkland Islands (Malvinas)','FK','2021-02-10 00:24:14','2021-02-10 00:24:14'),(72,'Faroe Islands','FO','2021-02-10 00:24:14','2021-02-10 00:24:14'),(73,'Fiji','FJ','2021-02-10 00:24:14','2021-02-10 00:24:14'),(74,'Finland','FI','2021-02-10 00:24:14','2021-02-10 00:24:14'),(75,'France','FR','2021-02-10 00:24:14','2021-02-10 00:24:14'),(76,'French Guiana','GF','2021-02-10 00:24:14','2021-02-10 00:24:14'),(77,'French Polynesia','PF','2021-02-10 00:24:14','2021-02-10 00:24:14'),(78,'French Southern Territories','TF','2021-02-10 00:24:14','2021-02-10 00:24:14'),(79,'Gabon','GA','2021-02-10 00:24:14','2021-02-10 00:24:14'),(80,'Gambia','GM','2021-02-10 00:24:14','2021-02-10 00:24:14'),(81,'Georgia','GE','2021-02-10 00:24:14','2021-02-10 00:24:14'),(82,'Germany','DE','2021-02-10 00:24:14','2021-02-10 00:24:14'),(83,'Ghana','GH','2021-02-10 00:24:14','2021-02-10 00:24:14'),(84,'Gibraltar','GI','2021-02-10 00:24:14','2021-02-10 00:24:14'),(85,'Greece','GR','2021-02-10 00:24:14','2021-02-10 00:24:14'),(86,'Greenland','GL','2021-02-10 00:24:14','2021-02-10 00:24:14'),(87,'Grenada','GD','2021-02-10 00:24:14','2021-02-10 00:24:14'),(88,'Guadeloupe','GP','2021-02-10 00:24:14','2021-02-10 00:24:14'),(89,'Guam','GU','2021-02-10 00:24:14','2021-02-10 00:24:14'),(90,'Guatemala','GT','2021-02-10 00:24:14','2021-02-10 00:24:14'),(91,'Guinea','GN','2021-02-10 00:24:14','2021-02-10 00:24:14'),(92,'Guinea-Bissau','GW','2021-02-10 00:24:14','2021-02-10 00:24:14'),(93,'Guyana','GY','2021-02-10 00:24:14','2021-02-10 00:24:14'),(94,'Haiti','HT','2021-02-10 00:24:14','2021-02-10 00:24:14'),(95,'Heard Island and Mcdonald Islands','HM','2021-02-10 00:24:14','2021-02-10 00:24:14'),(96,'Holy See (Vatican City State)','VA','2021-02-10 00:24:14','2021-02-10 00:24:14'),(97,'Honduras','HN','2021-02-10 00:24:14','2021-02-10 00:24:14'),(98,'Hong Kong','HK','2021-02-10 00:24:14','2021-02-10 00:24:14'),(99,'Hungary','HU','2021-02-10 00:24:14','2021-02-10 00:24:14'),(100,'Iceland','IS','2021-02-10 00:24:14','2021-02-10 00:24:14'),(101,'India','IN','2021-02-10 00:24:14','2021-02-10 00:24:14'),(102,'Indonesia','ID','2021-02-10 00:24:14','2021-02-10 00:24:14'),(103,'Iran, Islamic Republic of','IR','2021-02-10 00:24:14','2021-02-10 00:24:14'),(104,'Iraq','IQ','2021-02-10 00:24:14','2021-02-10 00:24:14'),(105,'Ireland','IE','2021-02-10 00:24:14','2021-02-10 00:24:14'),(106,'Israel','IL','2021-02-10 00:24:14','2021-02-10 00:24:14'),(107,'Italy','IT','2021-02-10 00:24:14','2021-02-10 00:24:14'),(108,'Jamaica','JM','2021-02-10 00:24:14','2021-02-10 00:24:14'),(109,'Japan','JP','2021-02-10 00:24:14','2021-02-10 00:24:14'),(110,'Jordan','JO','2021-02-10 00:24:14','2021-02-10 00:24:14'),(111,'Kazakhstan','KZ','2021-02-10 00:24:14','2021-02-10 00:24:14'),(112,'Kenya','KE','2021-02-10 00:24:14','2021-02-10 00:24:14'),(113,'Kiribati','KI','2021-02-10 00:24:14','2021-02-10 00:24:14'),(114,'Korea, Democratic People\'s Republic of','KP','2021-02-10 00:24:14','2021-02-10 00:24:14'),(115,'Korea, Republic of','KR','2021-02-10 00:24:14','2021-02-10 00:24:14'),(116,'Kuwait','KW','2021-02-10 00:24:14','2021-02-10 00:24:14'),(117,'Kyrgyzstan','KG','2021-02-10 00:24:14','2021-02-10 00:24:14'),(118,'Lao People\'s Democratic Republic','LA','2021-02-10 00:24:14','2021-02-10 00:24:14'),(119,'Latvia','LV','2021-02-10 00:24:14','2021-02-10 00:24:14'),(120,'Lebanon','LB','2021-02-10 00:24:14','2021-02-10 00:24:14'),(121,'Lesotho','LS','2021-02-10 00:24:14','2021-02-10 00:24:14'),(122,'Liberia','LR','2021-02-10 00:24:14','2021-02-10 00:24:14'),(123,'Libyan Arab Jamahiriya','LY','2021-02-10 00:24:14','2021-02-10 00:24:14'),(124,'Liechtenstein','LI','2021-02-10 00:24:14','2021-02-10 00:24:14'),(125,'Lithuania','LT','2021-02-10 00:24:14','2021-02-10 00:24:14'),(126,'Luxembourg','LU','2021-02-10 00:24:14','2021-02-10 00:24:14'),(127,'Macao','MO','2021-02-10 00:24:14','2021-02-10 00:24:14'),(128,'Macedonia, the Former Yugoslav Republic of','MK','2021-02-10 00:24:14','2021-02-10 00:24:14'),(129,'Madagascar','MG','2021-02-10 00:24:14','2021-02-10 00:24:14'),(130,'Malawi','MW','2021-02-10 00:24:14','2021-02-10 00:24:14'),(131,'Malaysia','MY','2021-02-10 00:24:14','2021-02-10 00:24:14'),(132,'Maldives','MV','2021-02-10 00:24:14','2021-02-10 00:24:14'),(133,'Mali','ML','2021-02-10 00:24:14','2021-02-10 00:24:14'),(134,'Malta','MT','2021-02-10 00:24:14','2021-02-10 00:24:14'),(135,'Marshall Islands','MH','2021-02-10 00:24:14','2021-02-10 00:24:14'),(136,'Martinique','MQ','2021-02-10 00:24:14','2021-02-10 00:24:14'),(137,'Mauritania','MR','2021-02-10 00:24:14','2021-02-10 00:24:14'),(138,'Mauritius','MU','2021-02-10 00:24:14','2021-02-10 00:24:14'),(139,'Mayotte','YT','2021-02-10 00:24:14','2021-02-10 00:24:14'),(140,'Mexico','MX','2021-02-10 00:24:14','2021-02-10 00:24:14'),(141,'Micronesia, Federated States of','FM','2021-02-10 00:24:14','2021-02-10 00:24:14'),(142,'Moldova, Republic of','MD','2021-02-10 00:24:14','2021-02-10 00:24:14'),(143,'Monaco','MC','2021-02-10 00:24:14','2021-02-10 00:24:14'),(144,'Mongolia','MN','2021-02-10 00:24:14','2021-02-10 00:24:14'),(145,'Montserrat','MS','2021-02-10 00:24:14','2021-02-10 00:24:14'),(146,'Morocco','MA','2021-02-10 00:24:14','2021-02-10 00:24:14'),(147,'Mozambique','MZ','2021-02-10 00:24:14','2021-02-10 00:24:14'),(148,'Myanmar','MM','2021-02-10 00:24:14','2021-02-10 00:24:14'),(149,'Namibia','NA','2021-02-10 00:24:14','2021-02-10 00:24:14'),(150,'Nauru','NR','2021-02-10 00:24:14','2021-02-10 00:24:14'),(151,'Nepal','NP','2021-02-10 00:24:14','2021-02-10 00:24:14'),(152,'Netherlands','NL','2021-02-10 00:24:14','2021-02-10 00:24:14'),(153,'Netherlands Antilles','AN','2021-02-10 00:24:14','2021-02-10 00:24:14'),(154,'New Caledonia','NC','2021-02-10 00:24:14','2021-02-10 00:24:14'),(155,'New Zealand','NZ','2021-02-10 00:24:14','2021-02-10 00:24:14'),(156,'Nicaragua','NI','2021-02-10 00:24:14','2021-02-10 00:24:14'),(157,'Niger','NE','2021-02-10 00:24:14','2021-02-10 00:24:14'),(158,'Nigeria','NG','2021-02-10 00:24:14','2021-02-10 00:24:14'),(159,'Niue','NU','2021-02-10 00:24:14','2021-02-10 00:24:14'),(160,'Norfolk Island','NF','2021-02-10 00:24:14','2021-02-10 00:24:14'),(161,'Northern Mariana Islands','MP','2021-02-10 00:24:14','2021-02-10 00:24:14'),(162,'Norway','NO','2021-02-10 00:24:14','2021-02-10 00:24:14'),(163,'Oman','OM','2021-02-10 00:24:14','2021-02-10 00:24:14'),(164,'Pakistan','PK','2021-02-10 00:24:14','2021-02-10 00:24:14'),(165,'Palau','PW','2021-02-10 00:24:14','2021-02-10 00:24:14'),(166,'Palestinian Territory, Occupied','PS','2021-02-10 00:24:14','2021-02-10 00:24:14'),(167,'Panama','PA','2021-02-10 00:24:14','2021-02-10 00:24:14'),(168,'Papua New Guinea','PG','2021-02-10 00:24:14','2021-02-10 00:24:14'),(169,'Paraguay','PY','2021-02-10 00:24:14','2021-02-10 00:24:14'),(170,'Peru','PE','2021-02-10 00:24:14','2021-02-10 00:24:14'),(171,'Philippines','PH','2021-02-10 00:24:14','2021-02-10 00:24:14'),(172,'Pitcairn','PN','2021-02-10 00:24:14','2021-02-10 00:24:14'),(173,'Poland','PL','2021-02-10 00:24:14','2021-02-10 00:24:14'),(174,'Portugal','PT','2021-02-10 00:24:14','2021-02-10 00:24:14'),(175,'Puerto Rico','PR','2021-02-10 00:24:14','2021-02-10 00:24:14'),(176,'Qatar','QA','2021-02-10 00:24:14','2021-02-10 00:24:14'),(177,'Reunion','RE','2021-02-10 00:24:14','2021-02-10 00:24:14'),(178,'Romania','RO','2021-02-10 00:24:14','2021-02-10 00:24:14'),(179,'Russian Federation','RU','2021-02-10 00:24:14','2021-02-10 00:24:14'),(180,'Rwanda','RW','2021-02-10 00:24:14','2021-02-10 00:24:14'),(181,'Saint Helena','SH','2021-02-10 00:24:14','2021-02-10 00:24:14'),(182,'Saint Kitts and Nevis','KN','2021-02-10 00:24:14','2021-02-10 00:24:14'),(183,'Saint Lucia','LC','2021-02-10 00:24:14','2021-02-10 00:24:14'),(184,'Saint Pierre and Miquelon','PM','2021-02-10 00:24:14','2021-02-10 00:24:14'),(185,'Saint Vincent and the Grenadines','VC','2021-02-10 00:24:14','2021-02-10 00:24:14'),(186,'Samoa','WS','2021-02-10 00:24:14','2021-02-10 00:24:14'),(187,'San Marino','SM','2021-02-10 00:24:14','2021-02-10 00:24:14'),(188,'Sao Tome and Principe','ST','2021-02-10 00:24:14','2021-02-10 00:24:14'),(189,'Saudi Arabia','SA','2021-02-10 00:24:14','2021-02-10 00:24:14'),(190,'Senegal','SN','2021-02-10 00:24:14','2021-02-10 00:24:14'),(191,'Serbia and Montenegro','CS','2021-02-10 00:24:14','2021-02-10 00:24:14'),(192,'Seychelles','SC','2021-02-10 00:24:14','2021-02-10 00:24:14'),(193,'Sierra Leone','SL','2021-02-10 00:24:14','2021-02-10 00:24:14'),(194,'Singapore','SG','2021-02-10 00:24:14','2021-02-10 00:24:14'),(195,'Slovakia','SK','2021-02-10 00:24:14','2021-02-10 00:24:14'),(196,'Slovenia','SI','2021-02-10 00:24:14','2021-02-10 00:24:14'),(197,'Solomon Islands','SB','2021-02-10 00:24:14','2021-02-10 00:24:14'),(198,'Somalia','SO','2021-02-10 00:24:14','2021-02-10 00:24:14'),(199,'South Africa','ZA','2021-02-10 00:24:14','2021-02-10 00:24:14'),(200,'South Georgia and the South Sandwich Islands','GS','2021-02-10 00:24:14','2021-02-10 00:24:14'),(201,'Spain','ES','2021-02-10 00:24:14','2021-02-10 00:24:14'),(202,'Sri Lanka','LK','2021-02-10 00:24:14','2021-02-10 00:24:14'),(203,'Sudan','SD','2021-02-10 00:24:14','2021-02-10 00:24:14'),(204,'Suriname','SR','2021-02-10 00:24:14','2021-02-10 00:24:14'),(205,'Svalbard and Jan Mayen','SJ','2021-02-10 00:24:14','2021-02-10 00:24:14'),(206,'Swaziland','SZ','2021-02-10 00:24:14','2021-02-10 00:24:14'),(207,'Sweden','SE','2021-02-10 00:24:14','2021-02-10 00:24:14'),(208,'Switzerland','CH','2021-02-10 00:24:14','2021-02-10 00:24:14'),(209,'Syrian Arab Republic','SY','2021-02-10 00:24:14','2021-02-10 00:24:14'),(210,'Taiwan, Province of China','TW','2021-02-10 00:24:14','2021-02-10 00:24:14'),(211,'Tajikistan','TJ','2021-02-10 00:24:14','2021-02-10 00:24:14'),(212,'Tanzania, United Republic of','TZ','2021-02-10 00:24:14','2021-02-10 00:24:14'),(213,'Thailand','TH','2021-02-10 00:24:14','2021-02-10 00:24:14'),(214,'Timor-Leste','TL','2021-02-10 00:24:14','2021-02-10 00:24:14'),(215,'Togo','TG','2021-02-10 00:24:14','2021-02-10 00:24:14'),(216,'Tokelau','TK','2021-02-10 00:24:14','2021-02-10 00:24:14'),(217,'Tonga','TO','2021-02-10 00:24:14','2021-02-10 00:24:14'),(218,'Trinidad and Tobago','TT','2021-02-10 00:24:14','2021-02-10 00:24:14'),(219,'Tunisia','TN','2021-02-10 00:24:14','2021-02-10 00:24:14'),(220,'Turkey','TR','2021-02-10 00:24:14','2021-02-10 00:24:14'),(221,'Turkmenistan','TM','2021-02-10 00:24:14','2021-02-10 00:24:14'),(222,'Turks and Caicos Islands','TC','2021-02-10 00:24:14','2021-02-10 00:24:14'),(223,'Tuvalu','TV','2021-02-10 00:24:14','2021-02-10 00:24:14'),(224,'Uganda','UG','2021-02-10 00:24:14','2021-02-10 00:24:14'),(225,'Ukraine','UA','2021-02-10 00:24:14','2021-02-10 00:24:14'),(226,'United Arab Emirates','AE','2021-02-10 00:24:14','2021-02-10 00:24:14'),(227,'United Kingdom','GB','2021-02-10 00:24:14','2021-02-10 00:24:14'),(228,'United States','US','2021-02-10 00:24:14','2021-02-10 00:24:14'),(229,'United States Minor Outlying Islands','UM','2021-02-10 00:24:14','2021-02-10 00:24:14'),(230,'Uruguay','UY','2021-02-10 00:24:14','2021-02-10 00:24:14'),(231,'Uzbekistan','UZ','2021-02-10 00:24:14','2021-02-10 00:24:14'),(232,'Vanuatu','VU','2021-02-10 00:24:14','2021-02-10 00:24:14'),(233,'Venezuela','VE','2021-02-10 00:24:14','2021-02-10 00:24:14'),(234,'Viet Nam','VN','2021-02-10 00:24:14','2021-02-10 00:24:14'),(235,'Virgin Islands, British','VG','2021-02-10 00:24:14','2021-02-10 00:24:14'),(236,'Virgin Islands, U.s.','VI','2021-02-10 00:24:14','2021-02-10 00:24:14'),(237,'Wallis and Futuna','WF','2021-02-10 00:24:14','2021-02-10 00:24:14'),(238,'Western Sahara','EH','2021-02-10 00:24:14','2021-02-10 00:24:14'),(239,'Yemen','YE','2021-02-10 00:24:14','2021-02-10 00:24:14'),(240,'Zambia','ZM','2021-02-10 00:24:14','2021-02-10 00:24:14'),(241,'Zimbabwe','ZW','2021-02-10 00:24:14','2021-02-10 00:24:14');
/*!40000 ALTER TABLE `countries` ENABLE KEYS */;
UNLOCK TABLES;

--
-- Table structure for table `failed_jobs`
--

DROP TABLE IF EXISTS `failed_jobs`;
/*!40101 SET @saved_cs_client     = @@character_set_client */;
/*!40101 SET character_set_client = utf8 */;
CREATE TABLE `failed_jobs` (
  `id` bigint(20) unsigned NOT NULL AUTO_INCREMENT,
  `connection` text COLLATE utf8mb4_unicode_ci NOT NULL,
  `queue` text COLLATE utf8mb4_unicode_ci NOT NULL,
  `payload` longtext COLLATE utf8mb4_unicode_ci NOT NULL,
  `exception` longtext COLLATE utf8mb4_unicode_ci NOT NULL,
  `failed_at` timestamp NOT NULL DEFAULT CURRENT_TIMESTAMP,
  PRIMARY KEY (`id`)
) ENGINE=InnoDB DEFAULT CHARSET=utf8mb4 COLLATE=utf8mb4_unicode_ci;
/*!40101 SET character_set_client = @saved_cs_client */;

--
-- Dumping data for table `failed_jobs`
--

LOCK TABLES `failed_jobs` WRITE;
/*!40000 ALTER TABLE `failed_jobs` DISABLE KEYS */;
/*!40000 ALTER TABLE `failed_jobs` ENABLE KEYS */;
UNLOCK TABLES;

--
-- Table structure for table `migrations`
--

DROP TABLE IF EXISTS `migrations`;
/*!40101 SET @saved_cs_client     = @@character_set_client */;
/*!40101 SET character_set_client = utf8 */;
CREATE TABLE `migrations` (
  `id` int(10) unsigned NOT NULL AUTO_INCREMENT,
  `migration` varchar(255) COLLATE utf8mb4_unicode_ci NOT NULL,
  `batch` int(11) NOT NULL,
  PRIMARY KEY (`id`)
) ENGINE=InnoDB AUTO_INCREMENT=18 DEFAULT CHARSET=utf8mb4 COLLATE=utf8mb4_unicode_ci;
/*!40101 SET character_set_client = @saved_cs_client */;

--
-- Dumping data for table `migrations`
--

LOCK TABLES `migrations` WRITE;
/*!40000 ALTER TABLE `migrations` DISABLE KEYS */;
INSERT INTO `migrations` VALUES (1,'2014_10_12_000000_create_users_table',1),(2,'2018_08_08_100000_create_telescope_entries_table',1),(3,'2019_08_19_000000_create_failed_jobs_table',1),(4,'2020_03_31_200240_create_categories_table',1),(5,'2020_04_01_200342_create_products_table',1),(6,'2020_04_01_205232_create_category_product_table',1),(7,'2020_04_04_160444_create_product_variations_table',1),(8,'2020_04_05_130540_create_product_variation_types_table',1),(9,'2020_04_05_130705_add_product_variation_type_id_to_product_variations',1),(10,'2020_04_05_175818_create_stocks_table',1),(11,'2020_04_05_202426_create_orders_table',1),(12,'2020_04_05_202913_create_product_variation_order_table',1),(13,'2020_04_05_211655_create_product_variation_stock_view',1),(14,'2020_04_08_232105_create_user_cart_table',1),(15,'2020_04_12_172531_create_countries_table',1),(16,'2020_05_14_205223_create_addresses_table',1),(17,'2021_01_30_202907_create_bids_table',1);
/*!40000 ALTER TABLE `migrations` ENABLE KEYS */;
UNLOCK TABLES;

--
-- Table structure for table `orders`
--

DROP TABLE IF EXISTS `orders`;
/*!40101 SET @saved_cs_client     = @@character_set_client */;
/*!40101 SET character_set_client = utf8 */;
CREATE TABLE `orders` (
  `id` bigint(20) unsigned NOT NULL AUTO_INCREMENT,
  `user_id` bigint(20) unsigned DEFAULT NULL,
  `created_at` timestamp NULL DEFAULT NULL,
  `updated_at` timestamp NULL DEFAULT NULL,
  PRIMARY KEY (`id`),
  KEY `orders_user_id_foreign` (`user_id`),
  CONSTRAINT `orders_user_id_foreign` FOREIGN KEY (`user_id`) REFERENCES `users` (`id`) ON DELETE CASCADE
) ENGINE=InnoDB DEFAULT CHARSET=utf8mb4 COLLATE=utf8mb4_unicode_ci;
/*!40101 SET character_set_client = @saved_cs_client */;

--
-- Dumping data for table `orders`
--

LOCK TABLES `orders` WRITE;
/*!40000 ALTER TABLE `orders` DISABLE KEYS */;
/*!40000 ALTER TABLE `orders` ENABLE KEYS */;
UNLOCK TABLES;

--
-- Table structure for table `product_variation_order`
--

DROP TABLE IF EXISTS `product_variation_order`;
/*!40101 SET @saved_cs_client     = @@character_set_client */;
/*!40101 SET character_set_client = utf8 */;
CREATE TABLE `product_variation_order` (
  `order_id` bigint(20) unsigned DEFAULT NULL,
  `product_variation_id` bigint(20) unsigned DEFAULT NULL,
  `quantity` int(10) unsigned NOT NULL,
  `created_at` timestamp NULL DEFAULT NULL,
  `updated_at` timestamp NULL DEFAULT NULL,
  KEY `product_variation_order_order_id_foreign` (`order_id`),
  KEY `product_variation_order_product_variation_id_foreign` (`product_variation_id`),
  CONSTRAINT `product_variation_order_order_id_foreign` FOREIGN KEY (`order_id`) REFERENCES `orders` (`id`) ON DELETE CASCADE,
  CONSTRAINT `product_variation_order_product_variation_id_foreign` FOREIGN KEY (`product_variation_id`) REFERENCES `product_variations` (`id`) ON DELETE CASCADE
) ENGINE=InnoDB DEFAULT CHARSET=utf8mb4 COLLATE=utf8mb4_unicode_ci;
/*!40101 SET character_set_client = @saved_cs_client */;

--
-- Dumping data for table `product_variation_order`
--

LOCK TABLES `product_variation_order` WRITE;
/*!40000 ALTER TABLE `product_variation_order` DISABLE KEYS */;
/*!40000 ALTER TABLE `product_variation_order` ENABLE KEYS */;
UNLOCK TABLES;

--
-- Temporary table structure for view `product_variation_stock_view`
--

DROP TABLE IF EXISTS `product_variation_stock_view`;
/*!50001 DROP VIEW IF EXISTS `product_variation_stock_view`*/;
SET @saved_cs_client     = @@character_set_client;
SET character_set_client = utf8;
/*!50001 CREATE VIEW `product_variation_stock_view` AS SELECT 
 1 AS `product_id`,
 1 AS `product_variation_id`,
 1 AS `stock`,
 1 AS `in_stock`*/;
SET character_set_client = @saved_cs_client;

--
-- Table structure for table `product_variation_types`
--

DROP TABLE IF EXISTS `product_variation_types`;
/*!40101 SET @saved_cs_client     = @@character_set_client */;
/*!40101 SET character_set_client = utf8 */;
CREATE TABLE `product_variation_types` (
  `id` bigint(20) unsigned NOT NULL AUTO_INCREMENT,
  `name` varchar(255) COLLATE utf8mb4_unicode_ci NOT NULL,
  `created_at` timestamp NULL DEFAULT NULL,
  `updated_at` timestamp NULL DEFAULT NULL,
  PRIMARY KEY (`id`)
) ENGINE=InnoDB AUTO_INCREMENT=404 DEFAULT CHARSET=utf8mb4 COLLATE=utf8mb4_unicode_ci;
/*!40101 SET character_set_client = @saved_cs_client */;

--
-- Dumping data for table `product_variation_types`
--

LOCK TABLES `product_variation_types` WRITE;
/*!40000 ALTER TABLE `product_variation_types` DISABLE KEYS */;
INSERT INTO `product_variation_types` VALUES (1,'Aileen Yundt IV','2021-02-10 00:24:10','2021-02-10 00:24:10'),(2,'Ms. Alvena Lehner','2021-02-10 00:24:10','2021-02-10 00:24:10'),(3,'Dillan Frami','2021-02-10 00:24:10','2021-02-10 00:24:10'),(4,'Mr. Cecil Torphy','2021-02-10 00:24:10','2021-02-10 00:24:10'),(5,'Prof. Ben Balistreri V','2021-02-10 00:24:10','2021-02-10 00:24:10'),(6,'Grayson Kutch','2021-02-10 00:24:10','2021-02-10 00:24:10'),(7,'Hallie Dietrich','2021-02-10 00:24:10','2021-02-10 00:24:10'),(8,'Alysson Monahan','2021-02-10 00:24:10','2021-02-10 00:24:10'),(9,'Mable Crooks','2021-02-10 00:24:10','2021-02-10 00:24:10'),(10,'Gage Funk','2021-02-10 00:24:10','2021-02-10 00:24:10'),(11,'Tiana Dietrich','2021-02-10 00:24:10','2021-02-10 00:24:10'),(12,'Elenora Moen','2021-02-10 00:24:10','2021-02-10 00:24:10'),(13,'Hilbert Heller','2021-02-10 00:24:10','2021-02-10 00:24:10'),(14,'Dr. Jakayla Fay','2021-02-10 00:24:10','2021-02-10 00:24:10'),(15,'Ms. Jazmyn Rice','2021-02-10 00:24:10','2021-02-10 00:24:10'),(16,'Prof. Myron Hansen','2021-02-10 00:24:10','2021-02-10 00:24:10'),(17,'Maximilian Bergstrom','2021-02-10 00:24:10','2021-02-10 00:24:10'),(18,'Dr. Isaac McKenzie','2021-02-10 00:24:10','2021-02-10 00:24:10'),(19,'Samara Turner','2021-02-10 00:24:10','2021-02-10 00:24:10'),(20,'Rhett Stroman Sr.','2021-02-10 00:24:10','2021-02-10 00:24:10'),(21,'Ms. Marion Goodwin PhD','2021-02-10 00:24:10','2021-02-10 00:24:10'),(22,'Daron Wilkinson','2021-02-10 00:24:10','2021-02-10 00:24:10'),(23,'Tabitha Prohaska V','2021-02-10 00:24:10','2021-02-10 00:24:10'),(24,'Mustafa Goldner DDS','2021-02-10 00:24:10','2021-02-10 00:24:10'),(25,'Danial Bode','2021-02-10 00:24:10','2021-02-10 00:24:10'),(26,'Miss Myrtice Wiza','2021-02-10 00:24:10','2021-02-10 00:24:10'),(27,'Nia Connelly','2021-02-10 00:24:10','2021-02-10 00:24:10'),(28,'Mr. Hal Tromp Jr.','2021-02-10 00:24:10','2021-02-10 00:24:10'),(29,'Lisette Conroy','2021-02-10 00:24:10','2021-02-10 00:24:10'),(30,'Lia Hand','2021-02-10 00:24:10','2021-02-10 00:24:10'),(31,'Alisha Kuhic','2021-02-10 00:24:10','2021-02-10 00:24:10'),(32,'Casper McLaughlin','2021-02-10 00:24:10','2021-02-10 00:24:10'),(33,'Myrl Gleichner II','2021-02-10 00:24:10','2021-02-10 00:24:10'),(34,'Dr. Ervin Bode','2021-02-10 00:24:10','2021-02-10 00:24:10'),(35,'Anthony Rosenbaum','2021-02-10 00:24:10','2021-02-10 00:24:10'),(36,'Lauriane Bechtelar DVM','2021-02-10 00:24:10','2021-02-10 00:24:10'),(37,'Vernie Beatty','2021-02-10 00:24:10','2021-02-10 00:24:10'),(38,'Mr. Frederik Gutkowski','2021-02-10 00:24:10','2021-02-10 00:24:10'),(39,'Abel Hammes','2021-02-10 00:24:10','2021-02-10 00:24:10'),(40,'Abel Dicki','2021-02-10 00:24:10','2021-02-10 00:24:10'),(41,'Lorna Krajcik','2021-02-10 00:24:10','2021-02-10 00:24:10'),(42,'Prof. Brody Gulgowski PhD','2021-02-10 00:24:10','2021-02-10 00:24:10'),(43,'Dr. Tatum Buckridge','2021-02-10 00:24:10','2021-02-10 00:24:10'),(44,'Cleta Rutherford','2021-02-10 00:24:10','2021-02-10 00:24:10'),(45,'Tyreek Ritchie','2021-02-10 00:24:10','2021-02-10 00:24:10'),(46,'Rosella Rogahn','2021-02-10 00:24:10','2021-02-10 00:24:10'),(47,'Estefania Prosacco','2021-02-10 00:24:10','2021-02-10 00:24:10'),(48,'Kianna Walter','2021-02-10 00:24:11','2021-02-10 00:24:11'),(49,'Pinkie Kuhn','2021-02-10 00:24:11','2021-02-10 00:24:11'),(50,'Kasey Prosacco','2021-02-10 00:24:11','2021-02-10 00:24:11'),(51,'Charity O\'Hara','2021-02-10 00:24:11','2021-02-10 00:24:11'),(52,'Miss Eva Ortiz II','2021-02-10 00:24:11','2021-02-10 00:24:11'),(53,'Berta Durgan I','2021-02-10 00:24:11','2021-02-10 00:24:11'),(54,'Reagan Grady','2021-02-10 00:24:11','2021-02-10 00:24:11'),(55,'Prof. Luis Stroman','2021-02-10 00:24:11','2021-02-10 00:24:11'),(56,'Prof. Kieran Price DDS','2021-02-10 00:24:11','2021-02-10 00:24:11'),(57,'Kenny Jerde DVM','2021-02-10 00:24:11','2021-02-10 00:24:11'),(58,'Brandyn Wiza II','2021-02-10 00:24:11','2021-02-10 00:24:11'),(59,'Prof. Jaime Satterfield','2021-02-10 00:24:11','2021-02-10 00:24:11'),(60,'Kali Brekke','2021-02-10 00:24:11','2021-02-10 00:24:11'),(61,'Kathryn Parker','2021-02-10 00:24:11','2021-02-10 00:24:11'),(62,'Prof. Moses Stehr III','2021-02-10 00:24:11','2021-02-10 00:24:11'),(63,'Santos Bashirian','2021-02-10 00:24:11','2021-02-10 00:24:11'),(64,'Otto Keeling','2021-02-10 00:24:11','2021-02-10 00:24:11'),(65,'Leanna Morar','2021-02-10 00:24:11','2021-02-10 00:24:11'),(66,'Sean Runte IV','2021-02-10 00:24:11','2021-02-10 00:24:11'),(67,'Rosalia Beahan','2021-02-10 00:24:11','2021-02-10 00:24:11'),(68,'Leland Ward','2021-02-10 00:24:11','2021-02-10 00:24:11'),(69,'Dr. Barbara Mohr','2021-02-10 00:24:11','2021-02-10 00:24:11'),(70,'Laney Mraz','2021-02-10 00:24:11','2021-02-10 00:24:11'),(71,'Prof. Hobart O\'Kon DDS','2021-02-10 00:24:11','2021-02-10 00:24:11'),(72,'Mrs. Loyce Steuber','2021-02-10 00:24:11','2021-02-10 00:24:11'),(73,'Madisen Buckridge','2021-02-10 00:24:11','2021-02-10 00:24:11'),(74,'Dortha Schiller','2021-02-10 00:24:11','2021-02-10 00:24:11'),(75,'Mr. Justus Yundt','2021-02-10 00:24:11','2021-02-10 00:24:11'),(76,'Prof. Webster Huel DVM','2021-02-10 00:24:11','2021-02-10 00:24:11'),(77,'Akeem Langworth','2021-02-10 00:24:11','2021-02-10 00:24:11'),(78,'Marlen Erdman','2021-02-10 00:24:11','2021-02-10 00:24:11'),(79,'Mrs. Ava Vandervort Sr.','2021-02-10 00:24:11','2021-02-10 00:24:11'),(80,'Aliza Kunze','2021-02-10 00:24:11','2021-02-10 00:24:11'),(81,'Prof. Neha Lesch III','2021-02-10 00:24:11','2021-02-10 00:24:11'),(82,'Earnestine Abernathy','2021-02-10 00:24:11','2021-02-10 00:24:11'),(83,'Dr. Eduardo Bode Sr.','2021-02-10 00:24:11','2021-02-10 00:24:11'),(84,'Mr. Kamren Stamm','2021-02-10 00:24:11','2021-02-10 00:24:11'),(85,'Dr. Larue Shields V','2021-02-10 00:24:11','2021-02-10 00:24:11'),(86,'Prof. Bertrand Crooks','2021-02-10 00:24:11','2021-02-10 00:24:11'),(87,'Prof. Wendell Streich MD','2021-02-10 00:24:11','2021-02-10 00:24:11'),(88,'Audrey Will III','2021-02-10 00:24:11','2021-02-10 00:24:11'),(89,'Concepcion Walker','2021-02-10 00:24:11','2021-02-10 00:24:11'),(90,'Mr. Keshaun Towne Sr.','2021-02-10 00:24:11','2021-02-10 00:24:11'),(91,'Leonie Raynor','2021-02-10 00:24:11','2021-02-10 00:24:11'),(92,'Mr. Alfred Schumm DDS','2021-02-10 00:24:11','2021-02-10 00:24:11'),(93,'Derick Frami','2021-02-10 00:24:11','2021-02-10 00:24:11'),(94,'Gerry Abshire DVM','2021-02-10 00:24:11','2021-02-10 00:24:11'),(95,'Leila Orn','2021-02-10 00:24:11','2021-02-10 00:24:11'),(96,'Prof. Ari Goyette','2021-02-10 00:24:11','2021-02-10 00:24:11'),(97,'Jayme Ryan IV','2021-02-10 00:24:11','2021-02-10 00:24:11'),(98,'Emerald VonRueden','2021-02-10 00:24:11','2021-02-10 00:24:11'),(99,'Nolan Mann','2021-02-10 00:24:11','2021-02-10 00:24:11'),(100,'Aubree Shanahan IV','2021-02-10 00:24:11','2021-02-10 00:24:11'),(101,'Vito Mante','2021-02-10 00:24:11','2021-02-10 00:24:11'),(102,'Rhoda Leannon','2021-02-10 00:24:11','2021-02-10 00:24:11'),(103,'Dr. Cecile Cormier','2021-02-10 00:24:11','2021-02-10 00:24:11'),(104,'Miss Hilma O\'Reilly III','2021-02-10 00:24:11','2021-02-10 00:24:11'),(105,'Edwina Waters','2021-02-10 00:24:11','2021-02-10 00:24:11'),(106,'Amy Bins','2021-02-10 00:24:11','2021-02-10 00:24:11'),(107,'Prof. Gayle Ankunding','2021-02-10 00:24:11','2021-02-10 00:24:11'),(108,'Mrs. Thea Bahringer','2021-02-10 00:24:11','2021-02-10 00:24:11'),(109,'Levi Hayes','2021-02-10 00:24:11','2021-02-10 00:24:11'),(110,'Brandi Rutherford','2021-02-10 00:24:11','2021-02-10 00:24:11'),(111,'Dannie Koch','2021-02-10 00:24:11','2021-02-10 00:24:11'),(112,'Idell McGlynn Sr.','2021-02-10 00:24:11','2021-02-10 00:24:11'),(113,'Jerrell Wehner','2021-02-10 00:24:11','2021-02-10 00:24:11'),(114,'Delores Hyatt','2021-02-10 00:24:11','2021-02-10 00:24:11'),(115,'Adelia Gleichner','2021-02-10 00:24:11','2021-02-10 00:24:11'),(116,'Johnathon Weber','2021-02-10 00:24:11','2021-02-10 00:24:11'),(117,'Adolf Abshire','2021-02-10 00:24:11','2021-02-10 00:24:11'),(118,'Janick Beer','2021-02-10 00:24:11','2021-02-10 00:24:11'),(119,'Prof. Brenden Jenkins Sr.','2021-02-10 00:24:11','2021-02-10 00:24:11'),(120,'Prof. Jessika Stokes','2021-02-10 00:24:11','2021-02-10 00:24:11'),(121,'Dr. Kamren Bogisich','2021-02-10 00:24:11','2021-02-10 00:24:11'),(122,'Prof. Darwin Hintz','2021-02-10 00:24:11','2021-02-10 00:24:11'),(123,'Easton O\'Hara','2021-02-10 00:24:11','2021-02-10 00:24:11'),(124,'Dianna Conn','2021-02-10 00:24:11','2021-02-10 00:24:11'),(125,'Irma Hayes','2021-02-10 00:24:11','2021-02-10 00:24:11'),(126,'Quentin Moen','2021-02-10 00:24:11','2021-02-10 00:24:11'),(127,'Marlen Simonis','2021-02-10 00:24:11','2021-02-10 00:24:11'),(128,'Prof. Lucy Jenkins I','2021-02-10 00:24:11','2021-02-10 00:24:11'),(129,'Santino Anderson','2021-02-10 00:24:11','2021-02-10 00:24:11'),(130,'Dr. Toby Bins','2021-02-10 00:24:11','2021-02-10 00:24:11'),(131,'Dr. Kiara Yost','2021-02-10 00:24:11','2021-02-10 00:24:11'),(132,'Wendell Littel','2021-02-10 00:24:11','2021-02-10 00:24:11'),(133,'Rachael Harber','2021-02-10 00:24:11','2021-02-10 00:24:11'),(134,'Prof. Demarco Leannon II','2021-02-10 00:24:11','2021-02-10 00:24:11'),(135,'Monty Sauer','2021-02-10 00:24:11','2021-02-10 00:24:11'),(136,'Trinity Stark','2021-02-10 00:24:12','2021-02-10 00:24:12'),(137,'Carmella Harber Sr.','2021-02-10 00:24:12','2021-02-10 00:24:12'),(138,'Dallin Rogahn Jr.','2021-02-10 00:24:12','2021-02-10 00:24:12'),(139,'Mr. Trenton Smith V','2021-02-10 00:24:12','2021-02-10 00:24:12'),(140,'Magnolia Schaden','2021-02-10 00:24:12','2021-02-10 00:24:12'),(141,'Pearl Tremblay','2021-02-10 00:24:12','2021-02-10 00:24:12'),(142,'Prof. Bartholome Mitchell IV','2021-02-10 00:24:12','2021-02-10 00:24:12'),(143,'Quinn Raynor','2021-02-10 00:24:12','2021-02-10 00:24:12'),(144,'Izabella Kris','2021-02-10 00:24:12','2021-02-10 00:24:12'),(145,'Maxine Will','2021-02-10 00:24:12','2021-02-10 00:24:12'),(146,'Ellis Armstrong DDS','2021-02-10 00:24:12','2021-02-10 00:24:12'),(147,'Gabriel Kuphal','2021-02-10 00:24:12','2021-02-10 00:24:12'),(148,'Devin Deckow','2021-02-10 00:24:12','2021-02-10 00:24:12'),(149,'Kiel O\'Conner','2021-02-10 00:24:12','2021-02-10 00:24:12'),(150,'Dr. Celine Block','2021-02-10 00:24:12','2021-02-10 00:24:12'),(151,'Kira Kuhn','2021-02-10 00:24:12','2021-02-10 00:24:12'),(152,'Leon Smith','2021-02-10 00:24:12','2021-02-10 00:24:12'),(153,'Abigail Swift III','2021-02-10 00:24:12','2021-02-10 00:24:12'),(154,'Chanelle Durgan','2021-02-10 00:24:12','2021-02-10 00:24:12'),(155,'Dave Lang DVM','2021-02-10 00:24:12','2021-02-10 00:24:12'),(156,'Ms. Marlee Wintheiser II','2021-02-10 00:24:12','2021-02-10 00:24:12'),(157,'Prof. Esther Wilderman','2021-02-10 00:24:12','2021-02-10 00:24:12'),(158,'Orrin Jacobs','2021-02-10 00:24:12','2021-02-10 00:24:12'),(159,'Prof. Karolann Emmerich','2021-02-10 00:24:12','2021-02-10 00:24:12'),(160,'Prof. Modesta Kuhlman Jr.','2021-02-10 00:24:12','2021-02-10 00:24:12'),(161,'Leif Stokes','2021-02-10 00:24:12','2021-02-10 00:24:12'),(162,'Jarrett Dietrich','2021-02-10 00:24:12','2021-02-10 00:24:12'),(163,'Fletcher Leuschke','2021-02-10 00:24:12','2021-02-10 00:24:12'),(164,'Prof. Linda Gerhold','2021-02-10 00:24:12','2021-02-10 00:24:12'),(165,'Jefferey Goodwin Sr.','2021-02-10 00:24:12','2021-02-10 00:24:12'),(166,'Kendrick Bartoletti','2021-02-10 00:24:12','2021-02-10 00:24:12'),(167,'Neal Goodwin','2021-02-10 00:24:12','2021-02-10 00:24:12'),(168,'Jevon Reichel','2021-02-10 00:24:12','2021-02-10 00:24:12'),(169,'Jeremy Medhurst','2021-02-10 00:24:12','2021-02-10 00:24:12'),(170,'Mollie Willms','2021-02-10 00:24:12','2021-02-10 00:24:12'),(171,'Prof. Grant Quitzon DVM','2021-02-10 00:24:12','2021-02-10 00:24:12'),(172,'Jacinthe Hane Sr.','2021-02-10 00:24:12','2021-02-10 00:24:12'),(173,'Griffin Rohan','2021-02-10 00:24:12','2021-02-10 00:24:12'),(174,'Neoma Kunde','2021-02-10 00:24:12','2021-02-10 00:24:12'),(175,'Obie Bechtelar','2021-02-10 00:24:12','2021-02-10 00:24:12'),(176,'Angelica Spencer','2021-02-10 00:24:12','2021-02-10 00:24:12'),(177,'Rafaela Batz','2021-02-10 00:24:12','2021-02-10 00:24:12'),(178,'Tyrell Rogahn','2021-02-10 00:24:12','2021-02-10 00:24:12'),(179,'Rebekah Parker','2021-02-10 00:24:12','2021-02-10 00:24:12'),(180,'Mr. Abe Schimmel','2021-02-10 00:24:12','2021-02-10 00:24:12'),(181,'Bennett Hermann','2021-02-10 00:24:12','2021-02-10 00:24:12'),(182,'Patience Dare II','2021-02-10 00:24:12','2021-02-10 00:24:12'),(183,'Lessie Bradtke II','2021-02-10 00:24:12','2021-02-10 00:24:12'),(184,'Yolanda Mueller','2021-02-10 00:24:12','2021-02-10 00:24:12'),(185,'Gillian Klocko','2021-02-10 00:24:12','2021-02-10 00:24:12'),(186,'Rose Bergstrom','2021-02-10 00:24:12','2021-02-10 00:24:12'),(187,'Zane Balistreri I','2021-02-10 00:24:12','2021-02-10 00:24:12'),(188,'Tressie Moore I','2021-02-10 00:24:12','2021-02-10 00:24:12'),(189,'Makenzie Langosh','2021-02-10 00:24:12','2021-02-10 00:24:12'),(190,'Prof. Sadye O\'Reilly II','2021-02-10 00:24:12','2021-02-10 00:24:12'),(191,'Felipe Denesik','2021-02-10 00:24:12','2021-02-10 00:24:12'),(192,'Sheila Kertzmann','2021-02-10 00:24:12','2021-02-10 00:24:12'),(193,'Jensen Upton','2021-02-10 00:24:12','2021-02-10 00:24:12'),(194,'Keyshawn Dickinson','2021-02-10 00:24:12','2021-02-10 00:24:12'),(195,'Dr. Simeon Kreiger','2021-02-10 00:24:12','2021-02-10 00:24:12'),(196,'Remington Fadel','2021-02-10 00:24:12','2021-02-10 00:24:12'),(197,'Ellie Crist','2021-02-10 00:24:12','2021-02-10 00:24:12'),(198,'Dessie Dickinson II','2021-02-10 00:24:12','2021-02-10 00:24:12'),(199,'Ms. Margarette Considine PhD','2021-02-10 00:24:12','2021-02-10 00:24:12'),(200,'Lola Beier','2021-02-10 00:24:12','2021-02-10 00:24:12'),(201,'Dixie Towne','2021-02-10 00:24:12','2021-02-10 00:24:12'),(202,'Osbaldo Osinski','2021-02-10 00:24:12','2021-02-10 00:24:12'),(203,'Edward Yundt','2021-02-10 00:24:12','2021-02-10 00:24:12'),(204,'Emilio Bergstrom','2021-02-10 00:24:12','2021-02-10 00:24:12'),(205,'Aliya Smith','2021-02-10 00:24:12','2021-02-10 00:24:12'),(206,'Ruben Hane','2021-02-10 00:24:12','2021-02-10 00:24:12'),(207,'Dr. Zack Prosacco','2021-02-10 00:24:12','2021-02-10 00:24:12'),(208,'Tobin Nolan','2021-02-10 00:24:12','2021-02-10 00:24:12'),(209,'Ms. Charity Dach','2021-02-10 00:24:12','2021-02-10 00:24:12'),(210,'Geovanni Howell Sr.','2021-02-10 00:24:12','2021-02-10 00:24:12'),(211,'Gabriella Bernier DDS','2021-02-10 00:24:12','2021-02-10 00:24:12'),(212,'Dr. Myron Roob DVM','2021-02-10 00:24:12','2021-02-10 00:24:12'),(213,'Marquise Schmidt','2021-02-10 00:24:12','2021-02-10 00:24:12'),(214,'Dr. Abdullah Donnelly IV','2021-02-10 00:24:12','2021-02-10 00:24:12'),(215,'Prof. Tito Wintheiser','2021-02-10 00:24:12','2021-02-10 00:24:12'),(216,'Magdalena Yost','2021-02-10 00:24:12','2021-02-10 00:24:12'),(217,'Mrs. Lela Ullrich','2021-02-10 00:24:12','2021-02-10 00:24:12'),(218,'Anissa Jakubowski MD','2021-02-10 00:24:12','2021-02-10 00:24:12'),(219,'Krista Metz','2021-02-10 00:24:12','2021-02-10 00:24:12'),(220,'Nat Bechtelar','2021-02-10 00:24:12','2021-02-10 00:24:12'),(221,'Maritza Bernier','2021-02-10 00:24:12','2021-02-10 00:24:12'),(222,'Nathanial Gislason','2021-02-10 00:24:12','2021-02-10 00:24:12'),(223,'Mr. Tyree Renner','2021-02-10 00:24:12','2021-02-10 00:24:12'),(224,'Prof. Jayson Gulgowski V','2021-02-10 00:24:12','2021-02-10 00:24:12'),(225,'Aisha Heller','2021-02-10 00:24:12','2021-02-10 00:24:12'),(226,'Prof. Vilma Balistreri','2021-02-10 00:24:12','2021-02-10 00:24:12'),(227,'Dr. Hector Bergnaum','2021-02-10 00:24:12','2021-02-10 00:24:12'),(228,'Miss Christine Welch','2021-02-10 00:24:13','2021-02-10 00:24:13'),(229,'Helena McKenzie','2021-02-10 00:24:13','2021-02-10 00:24:13'),(230,'Mortimer Lebsack','2021-02-10 00:24:13','2021-02-10 00:24:13'),(231,'Baby Muller Sr.','2021-02-10 00:24:13','2021-02-10 00:24:13'),(232,'Jess Spinka','2021-02-10 00:24:13','2021-02-10 00:24:13'),(233,'Domingo Wyman Sr.','2021-02-10 00:24:13','2021-02-10 00:24:13'),(234,'Ed Ernser','2021-02-10 00:24:13','2021-02-10 00:24:13'),(235,'Dr. Geovany Schamberger Sr.','2021-02-10 00:24:13','2021-02-10 00:24:13'),(236,'Mr. Wilfred Cronin III','2021-02-10 00:24:13','2021-02-10 00:24:13'),(237,'Domenica Haag','2021-02-10 00:24:13','2021-02-10 00:24:13'),(238,'Ezra Beier','2021-02-10 00:24:13','2021-02-10 00:24:13'),(239,'Bernardo Swift','2021-02-10 00:24:13','2021-02-10 00:24:13'),(240,'Ellen Hudson','2021-02-10 00:24:13','2021-02-10 00:24:13'),(241,'Prof. Macy Ondricka DVM','2021-02-10 00:24:13','2021-02-10 00:24:13'),(242,'Fredrick Bosco','2021-02-10 00:24:13','2021-02-10 00:24:13'),(243,'Niko Douglas','2021-02-10 00:24:13','2021-02-10 00:24:13'),(244,'Mr. Deshaun Miller','2021-02-10 00:24:13','2021-02-10 00:24:13'),(245,'Bernhard McClure','2021-02-10 00:24:13','2021-02-10 00:24:13'),(246,'Prof. Melba Barton','2021-02-10 00:24:13','2021-02-10 00:24:13'),(247,'Green Rogahn','2021-02-10 00:24:13','2021-02-10 00:24:13'),(248,'Prof. Evan Bailey Sr.','2021-02-10 00:24:13','2021-02-10 00:24:13'),(249,'Elfrieda Nienow','2021-02-10 00:24:13','2021-02-10 00:24:13'),(250,'Cesar Ward IV','2021-02-10 00:24:13','2021-02-10 00:24:13'),(251,'Ms. Krystal Kessler PhD','2021-02-10 00:24:13','2021-02-10 00:24:13'),(252,'Dr. Waldo Kunde','2021-02-10 00:24:13','2021-02-10 00:24:13'),(253,'Easton Vandervort','2021-02-10 00:24:13','2021-02-10 00:24:13'),(254,'Mr. Darien Bode','2021-02-10 00:24:13','2021-02-10 00:24:13'),(255,'Shanel Barton','2021-02-10 00:24:13','2021-02-10 00:24:13'),(256,'Mireille Schowalter','2021-02-10 00:24:13','2021-02-10 00:24:13'),(257,'Katlyn Kreiger','2021-02-10 00:24:13','2021-02-10 00:24:13'),(258,'Miss Stephanie Miller Sr.','2021-02-10 00:24:13','2021-02-10 00:24:13'),(259,'Miss Bernita Lesch','2021-02-10 00:24:13','2021-02-10 00:24:13'),(260,'Vance Hettinger','2021-02-10 00:24:13','2021-02-10 00:24:13'),(261,'Mr. Ferne Streich Sr.','2021-02-10 00:24:13','2021-02-10 00:24:13'),(262,'Nichole Nitzsche','2021-02-10 00:24:13','2021-02-10 00:24:13'),(263,'Loraine Schumm','2021-02-10 00:24:13','2021-02-10 00:24:13'),(264,'Vella Howell','2021-02-10 00:24:13','2021-02-10 00:24:13'),(265,'Sabrina Heidenreich IV','2021-02-10 00:24:13','2021-02-10 00:24:13'),(266,'Helena Conroy II','2021-02-10 00:24:13','2021-02-10 00:24:13'),(267,'Dr. Nigel DuBuque','2021-02-10 00:24:13','2021-02-10 00:24:13'),(268,'Mrs. Tomasa Quigley','2021-02-10 00:24:13','2021-02-10 00:24:13'),(269,'Santa Gleason PhD','2021-02-10 00:24:13','2021-02-10 00:24:13'),(270,'Jazmyn Schmidt','2021-02-10 00:24:13','2021-02-10 00:24:13'),(271,'Henriette Kshlerin','2021-02-10 00:24:13','2021-02-10 00:24:13'),(272,'Nellie Weber','2021-02-10 00:24:13','2021-02-10 00:24:13'),(273,'Nellie Daugherty','2021-02-10 00:24:13','2021-02-10 00:24:13'),(274,'Prof. Barton Price DVM','2021-02-10 00:24:13','2021-02-10 00:24:13'),(275,'Prof. Justyn McGlynn V','2021-02-10 00:24:13','2021-02-10 00:24:13'),(276,'Archibald Conn','2021-02-10 00:24:13','2021-02-10 00:24:13'),(277,'Megane Kris','2021-02-10 00:24:13','2021-02-10 00:24:13'),(278,'Ben Watsica','2021-02-10 00:24:13','2021-02-10 00:24:13'),(279,'Mr. Hans Heidenreich Jr.','2021-02-10 00:24:13','2021-02-10 00:24:13'),(280,'Nona Hirthe','2021-02-10 00:24:13','2021-02-10 00:24:13'),(281,'Lavern Stamm','2021-02-10 00:24:13','2021-02-10 00:24:13'),(282,'Jeanne Robel','2021-02-10 00:24:13','2021-02-10 00:24:13'),(283,'Prof. Eva Gerhold','2021-02-10 00:24:13','2021-02-10 00:24:13'),(284,'Theresia Paucek','2021-02-10 00:24:13','2021-02-10 00:24:13'),(285,'Demario Donnelly','2021-02-10 00:24:13','2021-02-10 00:24:13'),(286,'Arne Ernser','2021-02-10 00:24:13','2021-02-10 00:24:13'),(287,'Kade Turcotte','2021-02-10 00:24:13','2021-02-10 00:24:13'),(288,'Dewitt Kohler','2021-02-10 00:24:13','2021-02-10 00:24:13'),(289,'Caterina Waters','2021-02-10 00:24:13','2021-02-10 00:24:13'),(290,'Dr. Evan Trantow','2021-02-10 00:24:13','2021-02-10 00:24:13'),(291,'Magdalena Abbott','2021-02-10 00:24:13','2021-02-10 00:24:13'),(292,'Margie Kemmer','2021-02-10 00:24:13','2021-02-10 00:24:13'),(293,'Concepcion Barrows III','2021-02-10 00:24:13','2021-02-10 00:24:13'),(294,'Michael Dickens','2021-02-10 00:24:13','2021-02-10 00:24:13'),(295,'Estelle Rippin DDS','2021-02-10 00:24:13','2021-02-10 00:24:13'),(296,'Darius Rice','2021-02-10 00:24:13','2021-02-10 00:24:13'),(297,'Zula Sauer','2021-02-10 00:24:13','2021-02-10 00:24:13'),(298,'Elinor VonRueden','2021-02-10 00:24:13','2021-02-10 00:24:13'),(299,'Skye Kihn','2021-02-10 00:24:13','2021-02-10 00:24:13'),(300,'Prof. Lucio Kiehn MD','2021-02-10 00:24:13','2021-02-10 00:24:13'),(301,'Maxwell Mraz','2021-02-10 00:24:13','2021-02-10 00:24:13'),(302,'Grayson Bednar','2021-02-10 00:24:13','2021-02-10 00:24:13'),(303,'Edward Hauck','2021-02-10 00:24:13','2021-02-10 00:24:13'),(304,'Herminia Lockman','2021-02-10 00:24:13','2021-02-10 00:24:13'),(305,'Misty Ortiz','2021-02-10 00:24:13','2021-02-10 00:24:13'),(306,'Shawn Koss','2021-02-10 00:24:13','2021-02-10 00:24:13'),(307,'Andres Johnston','2021-02-10 00:24:13','2021-02-10 00:24:13'),(308,'Viva Abshire','2021-02-10 00:24:13','2021-02-10 00:24:13'),(309,'Cale Schiller','2021-02-10 00:24:13','2021-02-10 00:24:13'),(310,'Abigail Gleason','2021-02-10 00:24:13','2021-02-10 00:24:13'),(311,'Dr. Jack Doyle','2021-02-10 00:24:13','2021-02-10 00:24:13'),(312,'Prof. Zane Hane','2021-02-10 00:24:13','2021-02-10 00:24:13'),(313,'Vinnie O\'Keefe MD','2021-02-10 00:24:13','2021-02-10 00:24:13'),(314,'Nyah Howe','2021-02-10 00:24:13','2021-02-10 00:24:13'),(315,'Dr. Elyse Paucek','2021-02-10 00:24:13','2021-02-10 00:24:13'),(316,'Alia Cassin','2021-02-10 00:24:13','2021-02-10 00:24:13'),(317,'Mr. Noble Beer','2021-02-10 00:24:13','2021-02-10 00:24:13'),(318,'Zion Schultz','2021-02-10 00:24:13','2021-02-10 00:24:13'),(319,'Ms. Agustina Dooley I','2021-02-10 00:24:13','2021-02-10 00:24:13'),(320,'Ivah Renner','2021-02-10 00:24:13','2021-02-10 00:24:13'),(321,'Jean Hane','2021-02-10 00:24:13','2021-02-10 00:24:13'),(322,'Prof. Cyril Hansen','2021-02-10 00:24:13','2021-02-10 00:24:13'),(323,'Miss Lucienne Kling II','2021-02-10 00:24:13','2021-02-10 00:24:13'),(324,'Broderick Weber','2021-02-10 00:24:13','2021-02-10 00:24:13'),(325,'Prof. Darrion Greenfelder DDS','2021-02-10 00:24:14','2021-02-10 00:24:14'),(326,'Ms. Delphine Ankunding MD','2021-02-10 00:24:14','2021-02-10 00:24:14'),(327,'Prof. Donald Murphy V','2021-02-10 00:24:14','2021-02-10 00:24:14'),(328,'Dr. Nannie Stracke','2021-02-10 00:24:14','2021-02-10 00:24:14'),(329,'Lea Brakus','2021-02-10 00:24:14','2021-02-10 00:24:14'),(330,'Brianne Grimes','2021-02-10 00:24:14','2021-02-10 00:24:14'),(331,'Marcus Hauck','2021-02-10 00:24:14','2021-02-10 00:24:14'),(332,'Prof. Bart Christiansen','2021-02-10 00:24:14','2021-02-10 00:24:14'),(333,'Kassandra Bednar','2021-02-10 00:24:14','2021-02-10 00:24:14'),(334,'Hans Brekke II','2021-02-10 00:24:14','2021-02-10 00:24:14'),(335,'Sheldon Herzog','2021-02-10 00:24:14','2021-02-10 00:24:14'),(336,'Larissa Dooley','2021-02-10 00:24:14','2021-02-10 00:24:14'),(337,'Ms. Marcia Kub V','2021-02-10 00:24:14','2021-02-10 00:24:14'),(338,'Norberto Lakin Sr.','2021-02-10 00:24:14','2021-02-10 00:24:14'),(339,'Dr. Montana Koepp','2021-02-10 00:24:14','2021-02-10 00:24:14'),(340,'Brandi Carroll Jr.','2021-02-10 00:24:14','2021-02-10 00:24:14'),(341,'Isom Tillman','2021-02-10 00:24:14','2021-02-10 00:24:14'),(342,'Jaron Daniel','2021-02-10 00:24:14','2021-02-10 00:24:14'),(343,'Tyrique Maggio','2021-02-10 00:24:14','2021-02-10 00:24:14'),(344,'Kolby Schuster','2021-02-10 00:24:14','2021-02-10 00:24:14'),(345,'Dr. Maureen Dare','2021-02-10 00:24:14','2021-02-10 00:24:14'),(346,'Mr. Gerson Brown','2021-02-10 00:24:14','2021-02-10 00:24:14'),(347,'Miss Katlyn Crist PhD','2021-02-10 00:24:14','2021-02-10 00:24:14'),(348,'Myron Parisian','2021-02-10 00:24:14','2021-02-10 00:24:14'),(349,'Mario Cartwright','2021-02-10 00:24:14','2021-02-10 00:24:14'),(350,'Annabel Wolf','2021-02-10 00:24:14','2021-02-10 00:24:14'),(351,'Sophie Larkin','2021-02-10 00:24:14','2021-02-10 00:24:14'),(352,'Maverick Konopelski','2021-02-10 00:24:14','2021-02-10 00:24:14'),(353,'Percival Walsh V','2021-02-10 00:24:14','2021-02-10 00:24:14'),(354,'Ethel Frami','2021-02-10 00:24:14','2021-02-10 00:24:14'),(355,'Deshaun Beier IV','2021-02-10 00:24:14','2021-02-10 00:24:14'),(356,'Jeff Ondricka','2021-02-10 00:24:14','2021-02-10 00:24:14'),(357,'Ezekiel Sawayn','2021-02-10 00:24:14','2021-02-10 00:24:14'),(358,'Laury Corkery III','2021-02-10 00:24:14','2021-02-10 00:24:14'),(359,'Mrs. Cortney Weber II','2021-02-10 00:24:14','2021-02-10 00:24:14'),(360,'Augustine Johnston','2021-02-10 00:24:14','2021-02-10 00:24:14'),(361,'Dr. Demetris Adams','2021-02-10 00:24:14','2021-02-10 00:24:14'),(362,'Ms. Alia Morar','2021-02-10 00:24:14','2021-02-10 00:24:14'),(363,'Jan Greenfelder MD','2021-02-10 00:24:14','2021-02-10 00:24:14'),(364,'Schuyler Stroman MD','2021-02-10 00:24:14','2021-02-10 00:24:14'),(365,'Lauryn Hermann','2021-02-10 00:24:14','2021-02-10 00:24:14'),(366,'Hudson Mante','2021-02-10 00:24:14','2021-02-10 00:24:14'),(367,'Sonia Cronin','2021-02-10 00:24:14','2021-02-10 00:24:14'),(368,'Dr. Dusty Schneider Jr.','2021-02-10 00:24:14','2021-02-10 00:24:14'),(369,'Miss Shaylee Lockman','2021-02-10 00:24:14','2021-02-10 00:24:14'),(370,'Pauline Feest IV','2021-02-10 00:24:14','2021-02-10 00:24:14'),(371,'Trey Rath','2021-02-10 00:24:14','2021-02-10 00:24:14'),(372,'Josianne Lindgren','2021-02-10 00:24:14','2021-02-10 00:24:14'),(373,'Elisabeth Gorczany','2021-02-10 00:24:14','2021-02-10 00:24:14'),(374,'Gudrun Kiehn','2021-02-10 00:24:14','2021-02-10 00:24:14'),(375,'Zella Keeling','2021-02-10 00:24:14','2021-02-10 00:24:14'),(376,'Dr. Paris Collins Sr.','2021-02-10 00:24:14','2021-02-10 00:24:14'),(377,'Angel Daniel','2021-02-10 00:24:14','2021-02-10 00:24:14'),(378,'Miss Rubie Feest II','2021-02-10 00:24:14','2021-02-10 00:24:14'),(379,'Esmeralda King','2021-02-10 00:24:14','2021-02-10 00:24:14'),(380,'Virgie Mayert','2021-02-10 00:24:14','2021-02-10 00:24:14'),(381,'Mr. Larry Gaylord DVM','2021-02-10 00:24:14','2021-02-10 00:24:14'),(382,'Lincoln Cummings DDS','2021-02-10 00:24:14','2021-02-10 00:24:14'),(383,'Prof. Julien Jenkins','2021-02-10 00:24:14','2021-02-10 00:24:14'),(384,'Brionna Hansen','2021-02-10 00:24:14','2021-02-10 00:24:14'),(385,'Kiana Denesik III','2021-02-10 00:24:14','2021-02-10 00:24:14'),(386,'Bessie Sawayn','2021-02-10 00:24:14','2021-02-10 00:24:14'),(387,'Rodrick Langworth','2021-02-10 00:24:14','2021-02-10 00:24:14'),(388,'Emerson Brakus','2021-02-10 00:24:14','2021-02-10 00:24:14'),(389,'Ashtyn Williamson','2021-02-10 00:24:14','2021-02-10 00:24:14'),(390,'Ms. Halie Kessler','2021-02-10 00:24:14','2021-02-10 00:24:14'),(391,'Prof. Trace Schowalter','2021-02-10 00:24:14','2021-02-10 00:24:14'),(392,'Creola Gusikowski','2021-02-10 00:24:14','2021-02-10 00:24:14'),(393,'Antwon Donnelly','2021-02-10 00:24:14','2021-02-10 00:24:14'),(394,'Kian Hauck','2021-02-10 00:24:14','2021-02-10 00:24:14'),(395,'Nicolette Green','2021-02-10 00:24:14','2021-02-10 00:24:14'),(396,'Dr. Bethany Hills IV','2021-02-10 00:24:14','2021-02-10 00:24:14'),(397,'Alexandria McLaughlin','2021-02-10 00:24:14','2021-02-10 00:24:14'),(398,'Ward Gerlach','2021-02-10 00:24:14','2021-02-10 00:24:14'),(399,'Albertha Mueller','2021-02-10 00:24:14','2021-02-10 00:24:14'),(400,'Mack Russel','2021-02-10 00:24:14','2021-02-10 00:24:14'),(401,'Kim Pacocha','2021-02-10 00:24:14','2021-02-10 00:24:14'),(402,'Dr. Earlene Harris','2021-02-10 00:24:14','2021-02-10 00:24:14'),(403,'Rachel Rohan','2021-02-10 00:24:14','2021-02-10 00:24:14');
/*!40000 ALTER TABLE `product_variation_types` ENABLE KEYS */;
UNLOCK TABLES;

--
-- Table structure for table `product_variations`
--

DROP TABLE IF EXISTS `product_variations`;
/*!40101 SET @saved_cs_client     = @@character_set_client */;
/*!40101 SET character_set_client = utf8 */;
CREATE TABLE `product_variations` (
  `id` bigint(20) unsigned NOT NULL AUTO_INCREMENT,
  `product_id` bigint(20) unsigned NOT NULL,
  `name` varchar(255) COLLATE utf8mb4_unicode_ci NOT NULL,
  `price` int(11) DEFAULT NULL,
  `order` int(11) DEFAULT NULL,
  `created_at` timestamp NULL DEFAULT NULL,
  `updated_at` timestamp NULL DEFAULT NULL,
  `product_variation_type_id` bigint(20) unsigned DEFAULT NULL,
  PRIMARY KEY (`id`),
  KEY `product_variations_product_id_foreign` (`product_id`),
  KEY `product_variations_product_variation_type_id_foreign` (`product_variation_type_id`),
  CONSTRAINT `product_variations_product_id_foreign` FOREIGN KEY (`product_id`) REFERENCES `products` (`id`) ON DELETE CASCADE,
  CONSTRAINT `product_variations_product_variation_type_id_foreign` FOREIGN KEY (`product_variation_type_id`) REFERENCES `product_variation_types` (`id`) ON DELETE CASCADE
) ENGINE=InnoDB AUTO_INCREMENT=401 DEFAULT CHARSET=utf8mb4 COLLATE=utf8mb4_unicode_ci;
/*!40101 SET character_set_client = @saved_cs_client */;

--
-- Dumping data for table `product_variations`
--

LOCK TABLES `product_variations` WRITE;
/*!40000 ALTER TABLE `product_variations` DISABLE KEYS */;
INSERT INTO `product_variations` VALUES (1,1,'v1',8793,NULL,'2021-02-10 00:24:10','2021-02-10 00:24:10',1),(2,1,'v2',7877,NULL,'2021-02-10 00:24:10','2021-02-10 00:24:10',4),(3,1,'v3',9093,NULL,'2021-02-10 00:24:10','2021-02-10 00:24:10',3),(4,1,'v4',6446,NULL,'2021-02-10 00:24:10','2021-02-10 00:24:10',6),(5,2,'v1',8659,NULL,'2021-02-10 00:24:10','2021-02-10 00:24:10',2),(6,2,'v2',2957,NULL,'2021-02-10 00:24:10','2021-02-10 00:24:10',5),(7,2,'v3',1218,NULL,'2021-02-10 00:24:10','2021-02-10 00:24:10',6),(8,2,'v4',4488,NULL,'2021-02-10 00:24:10','2021-02-10 00:24:10',4),(9,3,'v1',1403,NULL,'2021-02-10 00:24:10','2021-02-10 00:24:10',5),(10,3,'v2',4105,NULL,'2021-02-10 00:24:10','2021-02-10 00:24:10',3),(11,3,'v3',6336,NULL,'2021-02-10 00:24:10','2021-02-10 00:24:10',13),(12,3,'v4',3328,NULL,'2021-02-10 00:24:10','2021-02-10 00:24:10',2),(13,4,'v1',5816,NULL,'2021-02-10 00:24:10','2021-02-10 00:24:10',9),(14,4,'v2',4289,NULL,'2021-02-10 00:24:10','2021-02-10 00:24:10',11),(15,4,'v3',3315,NULL,'2021-02-10 00:24:10','2021-02-10 00:24:10',16),(16,4,'v4',1279,NULL,'2021-02-10 00:24:10','2021-02-10 00:24:10',18),(17,5,'v1',5329,NULL,'2021-02-10 00:24:10','2021-02-10 00:24:10',1),(18,5,'v2',1943,NULL,'2021-02-10 00:24:10','2021-02-10 00:24:10',3),(19,5,'v3',6852,NULL,'2021-02-10 00:24:10','2021-02-10 00:24:10',16),(20,5,'v4',8193,NULL,'2021-02-10 00:24:10','2021-02-10 00:24:10',19),(21,6,'v1',8373,NULL,'2021-02-10 00:24:10','2021-02-10 00:24:10',19),(22,6,'v2',2726,NULL,'2021-02-10 00:24:10','2021-02-10 00:24:10',16),(23,6,'v3',5543,NULL,'2021-02-10 00:24:10','2021-02-10 00:24:10',25),(24,6,'v4',5020,NULL,'2021-02-10 00:24:10','2021-02-10 00:24:10',7),(25,7,'v1',1630,NULL,'2021-02-10 00:24:10','2021-02-10 00:24:10',5),(26,7,'v2',7812,NULL,'2021-02-10 00:24:10','2021-02-10 00:24:10',10),(27,7,'v3',2836,NULL,'2021-02-10 00:24:10','2021-02-10 00:24:10',3),(28,7,'v4',6116,NULL,'2021-02-10 00:24:10','2021-02-10 00:24:10',8),(29,8,'v1',3789,NULL,'2021-02-10 00:24:10','2021-02-10 00:24:10',14),(30,8,'v2',5682,NULL,'2021-02-10 00:24:10','2021-02-10 00:24:10',9),(31,8,'v3',6763,NULL,'2021-02-10 00:24:10','2021-02-10 00:24:10',2),(32,8,'v4',3915,NULL,'2021-02-10 00:24:10','2021-02-10 00:24:10',25),(33,9,'v1',8818,NULL,'2021-02-10 00:24:10','2021-02-10 00:24:10',12),(34,9,'v2',7042,NULL,'2021-02-10 00:24:10','2021-02-10 00:24:10',35),(35,9,'v3',2357,NULL,'2021-02-10 00:24:10','2021-02-10 00:24:10',27),(36,9,'v4',9677,NULL,'2021-02-10 00:24:10','2021-02-10 00:24:10',1),(37,10,'v1',2287,NULL,'2021-02-10 00:24:10','2021-02-10 00:24:10',23),(38,10,'v2',5582,NULL,'2021-02-10 00:24:10','2021-02-10 00:24:10',24),(39,10,'v3',6095,NULL,'2021-02-10 00:24:10','2021-02-10 00:24:10',39),(40,10,'v4',4380,NULL,'2021-02-10 00:24:10','2021-02-10 00:24:10',18),(41,11,'v1',1340,NULL,'2021-02-10 00:24:10','2021-02-10 00:24:10',2),(42,11,'v2',8299,NULL,'2021-02-10 00:24:10','2021-02-10 00:24:10',9),(43,11,'v3',1823,NULL,'2021-02-10 00:24:10','2021-02-10 00:24:10',37),(44,11,'v4',4685,NULL,'2021-02-10 00:24:10','2021-02-10 00:24:10',12),(45,12,'v1',7406,NULL,'2021-02-10 00:24:11','2021-02-10 00:24:11',39),(46,12,'v2',1332,NULL,'2021-02-10 00:24:11','2021-02-10 00:24:11',3),(47,12,'v3',9075,NULL,'2021-02-10 00:24:11','2021-02-10 00:24:11',8),(48,12,'v4',1039,NULL,'2021-02-10 00:24:11','2021-02-10 00:24:11',40),(49,13,'v1',2145,NULL,'2021-02-10 00:24:11','2021-02-10 00:24:11',20),(50,13,'v2',9659,NULL,'2021-02-10 00:24:11','2021-02-10 00:24:11',43),(51,13,'v3',9716,NULL,'2021-02-10 00:24:11','2021-02-10 00:24:11',30),(52,13,'v4',4123,NULL,'2021-02-10 00:24:11','2021-02-10 00:24:11',23),(53,14,'v1',6923,NULL,'2021-02-10 00:24:11','2021-02-10 00:24:11',44),(54,14,'v2',8825,NULL,'2021-02-10 00:24:11','2021-02-10 00:24:11',14),(55,14,'v3',3310,NULL,'2021-02-10 00:24:11','2021-02-10 00:24:11',34),(56,14,'v4',8455,NULL,'2021-02-10 00:24:11','2021-02-10 00:24:11',11),(57,15,'v1',2115,NULL,'2021-02-10 00:24:11','2021-02-10 00:24:11',50),(58,15,'v2',7370,NULL,'2021-02-10 00:24:11','2021-02-10 00:24:11',35),(59,15,'v3',6396,NULL,'2021-02-10 00:24:11','2021-02-10 00:24:11',48),(60,15,'v4',6596,NULL,'2021-02-10 00:24:11','2021-02-10 00:24:11',12),(61,16,'v1',9574,NULL,'2021-02-10 00:24:11','2021-02-10 00:24:11',57),(62,16,'v2',4463,NULL,'2021-02-10 00:24:11','2021-02-10 00:24:11',29),(63,16,'v3',4473,NULL,'2021-02-10 00:24:11','2021-02-10 00:24:11',48),(64,16,'v4',1262,NULL,'2021-02-10 00:24:11','2021-02-10 00:24:11',19),(65,17,'v1',1476,NULL,'2021-02-10 00:24:11','2021-02-10 00:24:11',26),(66,17,'v2',5386,NULL,'2021-02-10 00:24:11','2021-02-10 00:24:11',51),(67,17,'v3',7452,NULL,'2021-02-10 00:24:11','2021-02-10 00:24:11',62),(68,17,'v4',3046,NULL,'2021-02-10 00:24:11','2021-02-10 00:24:11',17),(69,18,'v1',9177,NULL,'2021-02-10 00:24:11','2021-02-10 00:24:11',66),(70,18,'v2',7793,NULL,'2021-02-10 00:24:11','2021-02-10 00:24:11',7),(71,18,'v3',9629,NULL,'2021-02-10 00:24:11','2021-02-10 00:24:11',45),(72,18,'v4',3118,NULL,'2021-02-10 00:24:11','2021-02-10 00:24:11',23),(73,19,'v1',1999,NULL,'2021-02-10 00:24:11','2021-02-10 00:24:11',9),(74,19,'v2',3436,NULL,'2021-02-10 00:24:11','2021-02-10 00:24:11',23),(75,19,'v3',6758,NULL,'2021-02-10 00:24:11','2021-02-10 00:24:11',69),(76,19,'v4',9547,NULL,'2021-02-10 00:24:11','2021-02-10 00:24:11',58),(77,20,'v1',5242,NULL,'2021-02-10 00:24:11','2021-02-10 00:24:11',59),(78,20,'v2',5425,NULL,'2021-02-10 00:24:11','2021-02-10 00:24:11',75),(79,20,'v3',5806,NULL,'2021-02-10 00:24:11','2021-02-10 00:24:11',51),(80,20,'v4',9392,NULL,'2021-02-10 00:24:11','2021-02-10 00:24:11',64),(81,21,'v1',9631,NULL,'2021-02-10 00:24:11','2021-02-10 00:24:11',71),(82,21,'v2',4391,NULL,'2021-02-10 00:24:11','2021-02-10 00:24:11',73),(83,21,'v3',3698,NULL,'2021-02-10 00:24:11','2021-02-10 00:24:11',38),(84,21,'v4',4611,NULL,'2021-02-10 00:24:11','2021-02-10 00:24:11',85),(85,22,'v1',4777,NULL,'2021-02-10 00:24:11','2021-02-10 00:24:11',8),(86,22,'v2',3354,NULL,'2021-02-10 00:24:11','2021-02-10 00:24:11',84),(87,22,'v3',9184,NULL,'2021-02-10 00:24:11','2021-02-10 00:24:11',32),(88,22,'v4',3501,NULL,'2021-02-10 00:24:11','2021-02-10 00:24:11',53),(89,23,'v1',9315,NULL,'2021-02-10 00:24:11','2021-02-10 00:24:11',63),(90,23,'v2',5173,NULL,'2021-02-10 00:24:11','2021-02-10 00:24:11',38),(91,23,'v3',6629,NULL,'2021-02-10 00:24:11','2021-02-10 00:24:11',12),(92,23,'v4',8236,NULL,'2021-02-10 00:24:11','2021-02-10 00:24:11',20),(93,24,'v1',9598,NULL,'2021-02-10 00:24:11','2021-02-10 00:24:11',67),(94,24,'v2',5040,NULL,'2021-02-10 00:24:11','2021-02-10 00:24:11',82),(95,24,'v3',8974,NULL,'2021-02-10 00:24:11','2021-02-10 00:24:11',12),(96,24,'v4',1311,NULL,'2021-02-10 00:24:11','2021-02-10 00:24:11',22),(97,25,'v1',6448,NULL,'2021-02-10 00:24:11','2021-02-10 00:24:11',72),(98,25,'v2',7026,NULL,'2021-02-10 00:24:11','2021-02-10 00:24:11',85),(99,25,'v3',3922,NULL,'2021-02-10 00:24:11','2021-02-10 00:24:11',10),(100,25,'v4',5182,NULL,'2021-02-10 00:24:11','2021-02-10 00:24:11',27),(101,26,'v1',8016,NULL,'2021-02-10 00:24:11','2021-02-10 00:24:11',35),(102,26,'v2',6550,NULL,'2021-02-10 00:24:11','2021-02-10 00:24:11',84),(103,26,'v3',4639,NULL,'2021-02-10 00:24:11','2021-02-10 00:24:11',31),(104,26,'v4',7699,NULL,'2021-02-10 00:24:11','2021-02-10 00:24:11',26),(105,27,'v1',2740,NULL,'2021-02-10 00:24:11','2021-02-10 00:24:11',56),(106,27,'v2',3274,NULL,'2021-02-10 00:24:11','2021-02-10 00:24:11',89),(107,27,'v3',1848,NULL,'2021-02-10 00:24:11','2021-02-10 00:24:11',56),(108,27,'v4',7445,NULL,'2021-02-10 00:24:11','2021-02-10 00:24:11',26),(109,28,'v1',9087,NULL,'2021-02-10 00:24:11','2021-02-10 00:24:11',4),(110,28,'v2',3319,NULL,'2021-02-10 00:24:11','2021-02-10 00:24:11',98),(111,28,'v3',5334,NULL,'2021-02-10 00:24:11','2021-02-10 00:24:11',110),(112,28,'v4',7197,NULL,'2021-02-10 00:24:11','2021-02-10 00:24:11',20),(113,29,'v1',3454,NULL,'2021-02-10 00:24:11','2021-02-10 00:24:11',59),(114,29,'v2',8715,NULL,'2021-02-10 00:24:11','2021-02-10 00:24:11',41),(115,29,'v3',8753,NULL,'2021-02-10 00:24:11','2021-02-10 00:24:11',40),(116,29,'v4',8637,NULL,'2021-02-10 00:24:11','2021-02-10 00:24:11',54),(117,30,'v1',5708,NULL,'2021-02-10 00:24:11','2021-02-10 00:24:11',72),(118,30,'v2',4138,NULL,'2021-02-10 00:24:11','2021-02-10 00:24:11',81),(119,30,'v3',4972,NULL,'2021-02-10 00:24:11','2021-02-10 00:24:11',81),(120,30,'v4',3876,NULL,'2021-02-10 00:24:11','2021-02-10 00:24:11',65),(121,31,'v1',3180,NULL,'2021-02-10 00:24:11','2021-02-10 00:24:11',117),(122,31,'v2',4079,NULL,'2021-02-10 00:24:11','2021-02-10 00:24:11',27),(123,31,'v3',3389,NULL,'2021-02-10 00:24:11','2021-02-10 00:24:11',12),(124,31,'v4',3063,NULL,'2021-02-10 00:24:11','2021-02-10 00:24:11',99),(125,32,'v1',4333,NULL,'2021-02-10 00:24:11','2021-02-10 00:24:11',49),(126,32,'v2',2109,NULL,'2021-02-10 00:24:11','2021-02-10 00:24:11',16),(127,32,'v3',8983,NULL,'2021-02-10 00:24:11','2021-02-10 00:24:11',33),(128,32,'v4',8035,NULL,'2021-02-10 00:24:11','2021-02-10 00:24:11',71),(129,33,'v1',5923,NULL,'2021-02-10 00:24:11','2021-02-10 00:24:11',54),(130,33,'v2',2505,NULL,'2021-02-10 00:24:11','2021-02-10 00:24:11',48),(131,33,'v3',7261,NULL,'2021-02-10 00:24:11','2021-02-10 00:24:11',30),(132,33,'v4',2984,NULL,'2021-02-10 00:24:12','2021-02-10 00:24:12',29),(133,34,'v1',5915,NULL,'2021-02-10 00:24:12','2021-02-10 00:24:12',66),(134,34,'v2',4028,NULL,'2021-02-10 00:24:12','2021-02-10 00:24:12',61),(135,34,'v3',3995,NULL,'2021-02-10 00:24:12','2021-02-10 00:24:12',124),(136,34,'v4',7111,NULL,'2021-02-10 00:24:12','2021-02-10 00:24:12',133),(137,35,'v1',9965,NULL,'2021-02-10 00:24:12','2021-02-10 00:24:12',115),(138,35,'v2',5745,NULL,'2021-02-10 00:24:12','2021-02-10 00:24:12',73),(139,35,'v3',3709,NULL,'2021-02-10 00:24:12','2021-02-10 00:24:12',107),(140,35,'v4',3238,NULL,'2021-02-10 00:24:12','2021-02-10 00:24:12',50),(141,36,'v1',5871,NULL,'2021-02-10 00:24:12','2021-02-10 00:24:12',95),(142,36,'v2',3200,NULL,'2021-02-10 00:24:12','2021-02-10 00:24:12',104),(143,36,'v3',4090,NULL,'2021-02-10 00:24:12','2021-02-10 00:24:12',2),(144,36,'v4',1366,NULL,'2021-02-10 00:24:12','2021-02-10 00:24:12',49),(145,37,'v1',2992,NULL,'2021-02-10 00:24:12','2021-02-10 00:24:12',68),(146,37,'v2',6718,NULL,'2021-02-10 00:24:12','2021-02-10 00:24:12',26),(147,37,'v3',7423,NULL,'2021-02-10 00:24:12','2021-02-10 00:24:12',93),(148,37,'v4',4329,NULL,'2021-02-10 00:24:12','2021-02-10 00:24:12',3),(149,38,'v1',6055,NULL,'2021-02-10 00:24:12','2021-02-10 00:24:12',117),(150,38,'v2',5388,NULL,'2021-02-10 00:24:12','2021-02-10 00:24:12',58),(151,38,'v3',6935,NULL,'2021-02-10 00:24:12','2021-02-10 00:24:12',65),(152,38,'v4',5946,NULL,'2021-02-10 00:24:12','2021-02-10 00:24:12',67),(153,39,'v1',3304,NULL,'2021-02-10 00:24:12','2021-02-10 00:24:12',38),(154,39,'v2',4108,NULL,'2021-02-10 00:24:12','2021-02-10 00:24:12',120),(155,39,'v3',5790,NULL,'2021-02-10 00:24:12','2021-02-10 00:24:12',63),(156,39,'v4',5405,NULL,'2021-02-10 00:24:12','2021-02-10 00:24:12',96),(157,40,'v1',4743,NULL,'2021-02-10 00:24:12','2021-02-10 00:24:12',118),(158,40,'v2',1607,NULL,'2021-02-10 00:24:12','2021-02-10 00:24:12',88),(159,40,'v3',2510,NULL,'2021-02-10 00:24:12','2021-02-10 00:24:12',2),(160,40,'v4',1565,NULL,'2021-02-10 00:24:12','2021-02-10 00:24:12',68),(161,41,'v1',1500,NULL,'2021-02-10 00:24:12','2021-02-10 00:24:12',157),(162,41,'v2',2529,NULL,'2021-02-10 00:24:12','2021-02-10 00:24:12',100),(163,41,'v3',5871,NULL,'2021-02-10 00:24:12','2021-02-10 00:24:12',14),(164,41,'v4',8778,NULL,'2021-02-10 00:24:12','2021-02-10 00:24:12',80),(165,42,'v1',1329,NULL,'2021-02-10 00:24:12','2021-02-10 00:24:12',10),(166,42,'v2',5607,NULL,'2021-02-10 00:24:12','2021-02-10 00:24:12',116),(167,42,'v3',2200,NULL,'2021-02-10 00:24:12','2021-02-10 00:24:12',158),(168,42,'v4',9634,NULL,'2021-02-10 00:24:12','2021-02-10 00:24:12',151),(169,43,'v1',8608,NULL,'2021-02-10 00:24:12','2021-02-10 00:24:12',14),(170,43,'v2',5057,NULL,'2021-02-10 00:24:12','2021-02-10 00:24:12',114),(171,43,'v3',6516,NULL,'2021-02-10 00:24:12','2021-02-10 00:24:12',79),(172,43,'v4',7874,NULL,'2021-02-10 00:24:12','2021-02-10 00:24:12',172),(173,44,'v1',9116,NULL,'2021-02-10 00:24:12','2021-02-10 00:24:12',128),(174,44,'v2',1349,NULL,'2021-02-10 00:24:12','2021-02-10 00:24:12',72),(175,44,'v3',2750,NULL,'2021-02-10 00:24:12','2021-02-10 00:24:12',28),(176,44,'v4',7976,NULL,'2021-02-10 00:24:12','2021-02-10 00:24:12',155),(177,45,'v1',6532,NULL,'2021-02-10 00:24:12','2021-02-10 00:24:12',56),(178,45,'v2',5096,NULL,'2021-02-10 00:24:12','2021-02-10 00:24:12',113),(179,45,'v3',4121,NULL,'2021-02-10 00:24:12','2021-02-10 00:24:12',159),(180,45,'v4',2482,NULL,'2021-02-10 00:24:12','2021-02-10 00:24:12',97),(181,46,'v1',9929,NULL,'2021-02-10 00:24:12','2021-02-10 00:24:12',100),(182,46,'v2',2384,NULL,'2021-02-10 00:24:12','2021-02-10 00:24:12',35),(183,46,'v3',9053,NULL,'2021-02-10 00:24:12','2021-02-10 00:24:12',45),(184,46,'v4',6590,NULL,'2021-02-10 00:24:12','2021-02-10 00:24:12',163),(185,47,'v1',8549,NULL,'2021-02-10 00:24:12','2021-02-10 00:24:12',177),(186,47,'v2',8630,NULL,'2021-02-10 00:24:12','2021-02-10 00:24:12',179),(187,47,'v3',6133,NULL,'2021-02-10 00:24:12','2021-02-10 00:24:12',184),(188,47,'v4',2322,NULL,'2021-02-10 00:24:12','2021-02-10 00:24:12',63),(189,48,'v1',3608,NULL,'2021-02-10 00:24:12','2021-02-10 00:24:12',67),(190,48,'v2',2156,NULL,'2021-02-10 00:24:12','2021-02-10 00:24:12',100),(191,48,'v3',8018,NULL,'2021-02-10 00:24:12','2021-02-10 00:24:12',76),(192,48,'v4',5935,NULL,'2021-02-10 00:24:12','2021-02-10 00:24:12',5),(193,49,'v1',3462,NULL,'2021-02-10 00:24:12','2021-02-10 00:24:12',138),(194,49,'v2',1017,NULL,'2021-02-10 00:24:12','2021-02-10 00:24:12',191),(195,49,'v3',6041,NULL,'2021-02-10 00:24:12','2021-02-10 00:24:12',34),(196,49,'v4',8318,NULL,'2021-02-10 00:24:12','2021-02-10 00:24:12',18),(197,50,'v1',6814,NULL,'2021-02-10 00:24:12','2021-02-10 00:24:12',185),(198,50,'v2',3174,NULL,'2021-02-10 00:24:12','2021-02-10 00:24:12',164),(199,50,'v3',2580,NULL,'2021-02-10 00:24:12','2021-02-10 00:24:12',117),(200,50,'v4',5940,NULL,'2021-02-10 00:24:12','2021-02-10 00:24:12',165),(201,51,'v1',7593,NULL,'2021-02-10 00:24:12','2021-02-10 00:24:12',173),(202,51,'v2',9159,NULL,'2021-02-10 00:24:12','2021-02-10 00:24:12',74),(203,51,'v3',9010,NULL,'2021-02-10 00:24:12','2021-02-10 00:24:12',21),(204,51,'v4',2911,NULL,'2021-02-10 00:24:12','2021-02-10 00:24:12',178),(205,52,'v1',2511,NULL,'2021-02-10 00:24:12','2021-02-10 00:24:12',199),(206,52,'v2',1337,NULL,'2021-02-10 00:24:12','2021-02-10 00:24:12',76),(207,52,'v3',9688,NULL,'2021-02-10 00:24:12','2021-02-10 00:24:12',157),(208,52,'v4',9910,NULL,'2021-02-10 00:24:12','2021-02-10 00:24:12',24),(209,53,'v1',9665,NULL,'2021-02-10 00:24:12','2021-02-10 00:24:12',164),(210,53,'v2',2686,NULL,'2021-02-10 00:24:12','2021-02-10 00:24:12',102),(211,53,'v3',4535,NULL,'2021-02-10 00:24:12','2021-02-10 00:24:12',8),(212,53,'v4',8095,NULL,'2021-02-10 00:24:12','2021-02-10 00:24:12',131),(213,54,'v1',5611,NULL,'2021-02-10 00:24:12','2021-02-10 00:24:12',121),(214,54,'v2',9802,NULL,'2021-02-10 00:24:12','2021-02-10 00:24:12',152),(215,54,'v3',8262,NULL,'2021-02-10 00:24:12','2021-02-10 00:24:12',38),(216,54,'v4',7470,NULL,'2021-02-10 00:24:12','2021-02-10 00:24:12',209),(217,55,'v1',3053,NULL,'2021-02-10 00:24:12','2021-02-10 00:24:12',91),(218,55,'v2',3770,NULL,'2021-02-10 00:24:12','2021-02-10 00:24:12',6),(219,55,'v3',4869,NULL,'2021-02-10 00:24:12','2021-02-10 00:24:12',155),(220,55,'v4',1513,NULL,'2021-02-10 00:24:12','2021-02-10 00:24:12',83),(221,56,'v1',8413,NULL,'2021-02-10 00:24:12','2021-02-10 00:24:12',115),(222,56,'v2',5242,NULL,'2021-02-10 00:24:12','2021-02-10 00:24:12',163),(223,56,'v3',7696,NULL,'2021-02-10 00:24:12','2021-02-10 00:24:12',178),(224,56,'v4',5846,NULL,'2021-02-10 00:24:12','2021-02-10 00:24:12',79),(225,57,'v1',7322,NULL,'2021-02-10 00:24:13','2021-02-10 00:24:13',79),(226,57,'v2',4831,NULL,'2021-02-10 00:24:13','2021-02-10 00:24:13',216),(227,57,'v3',7071,NULL,'2021-02-10 00:24:13','2021-02-10 00:24:13',39),(228,57,'v4',9289,NULL,'2021-02-10 00:24:13','2021-02-10 00:24:13',88),(229,58,'v1',2898,NULL,'2021-02-10 00:24:13','2021-02-10 00:24:13',32),(230,58,'v2',4762,NULL,'2021-02-10 00:24:13','2021-02-10 00:24:13',9),(231,58,'v3',5807,NULL,'2021-02-10 00:24:13','2021-02-10 00:24:13',51),(232,58,'v4',5701,NULL,'2021-02-10 00:24:13','2021-02-10 00:24:13',5),(233,59,'v1',3640,NULL,'2021-02-10 00:24:13','2021-02-10 00:24:13',114),(234,59,'v2',5102,NULL,'2021-02-10 00:24:13','2021-02-10 00:24:13',58),(235,59,'v3',3838,NULL,'2021-02-10 00:24:13','2021-02-10 00:24:13',60),(236,59,'v4',6627,NULL,'2021-02-10 00:24:13','2021-02-10 00:24:13',211),(237,60,'v1',9256,NULL,'2021-02-10 00:24:13','2021-02-10 00:24:13',150),(238,60,'v2',4692,NULL,'2021-02-10 00:24:13','2021-02-10 00:24:13',52),(239,60,'v3',5989,NULL,'2021-02-10 00:24:13','2021-02-10 00:24:13',70),(240,60,'v4',8659,NULL,'2021-02-10 00:24:13','2021-02-10 00:24:13',238),(241,61,'v1',6023,NULL,'2021-02-10 00:24:13','2021-02-10 00:24:13',100),(242,61,'v2',3363,NULL,'2021-02-10 00:24:13','2021-02-10 00:24:13',182),(243,61,'v3',1023,NULL,'2021-02-10 00:24:13','2021-02-10 00:24:13',129),(244,61,'v4',5952,NULL,'2021-02-10 00:24:13','2021-02-10 00:24:13',245),(245,62,'v1',9642,NULL,'2021-02-10 00:24:13','2021-02-10 00:24:13',185),(246,62,'v2',6097,NULL,'2021-02-10 00:24:13','2021-02-10 00:24:13',167),(247,62,'v3',1564,NULL,'2021-02-10 00:24:13','2021-02-10 00:24:13',243),(248,62,'v4',2546,NULL,'2021-02-10 00:24:13','2021-02-10 00:24:13',46),(249,63,'v1',2963,NULL,'2021-02-10 00:24:13','2021-02-10 00:24:13',221),(250,63,'v2',1912,NULL,'2021-02-10 00:24:13','2021-02-10 00:24:13',233),(251,63,'v3',7751,NULL,'2021-02-10 00:24:13','2021-02-10 00:24:13',25),(252,63,'v4',1106,NULL,'2021-02-10 00:24:13','2021-02-10 00:24:13',131),(253,64,'v1',3928,NULL,'2021-02-10 00:24:13','2021-02-10 00:24:13',134),(254,64,'v2',4594,NULL,'2021-02-10 00:24:13','2021-02-10 00:24:13',202),(255,64,'v3',6297,NULL,'2021-02-10 00:24:13','2021-02-10 00:24:13',151),(256,64,'v4',3225,NULL,'2021-02-10 00:24:13','2021-02-10 00:24:13',252),(257,65,'v1',8033,NULL,'2021-02-10 00:24:13','2021-02-10 00:24:13',153),(258,65,'v2',4232,NULL,'2021-02-10 00:24:13','2021-02-10 00:24:13',110),(259,65,'v3',5649,NULL,'2021-02-10 00:24:13','2021-02-10 00:24:13',190),(260,65,'v4',5118,NULL,'2021-02-10 00:24:13','2021-02-10 00:24:13',32),(261,66,'v1',3177,NULL,'2021-02-10 00:24:13','2021-02-10 00:24:13',94),(262,66,'v2',7275,NULL,'2021-02-10 00:24:13','2021-02-10 00:24:13',109),(263,66,'v3',2803,NULL,'2021-02-10 00:24:13','2021-02-10 00:24:13',225),(264,66,'v4',4969,NULL,'2021-02-10 00:24:13','2021-02-10 00:24:13',44),(265,67,'v1',5796,NULL,'2021-02-10 00:24:13','2021-02-10 00:24:13',72),(266,67,'v2',1888,NULL,'2021-02-10 00:24:13','2021-02-10 00:24:13',191),(267,67,'v3',1231,NULL,'2021-02-10 00:24:13','2021-02-10 00:24:13',83),(268,67,'v4',7971,NULL,'2021-02-10 00:24:13','2021-02-10 00:24:13',46),(269,68,'v1',2949,NULL,'2021-02-10 00:24:13','2021-02-10 00:24:13',25),(270,68,'v2',7624,NULL,'2021-02-10 00:24:13','2021-02-10 00:24:13',31),(271,68,'v3',2317,NULL,'2021-02-10 00:24:13','2021-02-10 00:24:13',81),(272,68,'v4',2527,NULL,'2021-02-10 00:24:13','2021-02-10 00:24:13',210),(273,69,'v1',9495,NULL,'2021-02-10 00:24:13','2021-02-10 00:24:13',115),(274,69,'v2',6066,NULL,'2021-02-10 00:24:13','2021-02-10 00:24:13',253),(275,69,'v3',4197,NULL,'2021-02-10 00:24:13','2021-02-10 00:24:13',86),(276,69,'v4',8169,NULL,'2021-02-10 00:24:13','2021-02-10 00:24:13',257),(277,70,'v1',1387,NULL,'2021-02-10 00:24:13','2021-02-10 00:24:13',141),(278,70,'v2',4048,NULL,'2021-02-10 00:24:13','2021-02-10 00:24:13',33),(279,70,'v3',2457,NULL,'2021-02-10 00:24:13','2021-02-10 00:24:13',199),(280,70,'v4',8329,NULL,'2021-02-10 00:24:13','2021-02-10 00:24:13',19),(281,71,'v1',7658,NULL,'2021-02-10 00:24:13','2021-02-10 00:24:13',170),(282,71,'v2',5032,NULL,'2021-02-10 00:24:13','2021-02-10 00:24:13',270),(283,71,'v3',2605,NULL,'2021-02-10 00:24:13','2021-02-10 00:24:13',114),(284,71,'v4',6741,NULL,'2021-02-10 00:24:13','2021-02-10 00:24:13',159),(285,72,'v1',5109,NULL,'2021-02-10 00:24:13','2021-02-10 00:24:13',52),(286,72,'v2',2991,NULL,'2021-02-10 00:24:13','2021-02-10 00:24:13',244),(287,72,'v3',8603,NULL,'2021-02-10 00:24:13','2021-02-10 00:24:13',8),(288,72,'v4',3886,NULL,'2021-02-10 00:24:13','2021-02-10 00:24:13',5),(289,73,'v1',7232,NULL,'2021-02-10 00:24:13','2021-02-10 00:24:13',21),(290,73,'v2',2786,NULL,'2021-02-10 00:24:13','2021-02-10 00:24:13',91),(291,73,'v3',8300,NULL,'2021-02-10 00:24:13','2021-02-10 00:24:13',53),(292,73,'v4',1309,NULL,'2021-02-10 00:24:13','2021-02-10 00:24:13',136),(293,74,'v1',7346,NULL,'2021-02-10 00:24:13','2021-02-10 00:24:13',176),(294,74,'v2',6429,NULL,'2021-02-10 00:24:13','2021-02-10 00:24:13',122),(295,74,'v3',8611,NULL,'2021-02-10 00:24:13','2021-02-10 00:24:13',91),(296,74,'v4',4931,NULL,'2021-02-10 00:24:13','2021-02-10 00:24:13',53),(297,75,'v1',3907,NULL,'2021-02-10 00:24:13','2021-02-10 00:24:13',80),(298,75,'v2',9463,NULL,'2021-02-10 00:24:13','2021-02-10 00:24:13',145),(299,75,'v3',3398,NULL,'2021-02-10 00:24:13','2021-02-10 00:24:13',184),(300,75,'v4',9283,NULL,'2021-02-10 00:24:13','2021-02-10 00:24:13',46),(301,76,'v1',8677,NULL,'2021-02-10 00:24:13','2021-02-10 00:24:13',251),(302,76,'v2',5442,NULL,'2021-02-10 00:24:13','2021-02-10 00:24:13',143),(303,76,'v3',8063,NULL,'2021-02-10 00:24:13','2021-02-10 00:24:13',283),(304,76,'v4',2377,NULL,'2021-02-10 00:24:13','2021-02-10 00:24:13',156),(305,77,'v1',1666,NULL,'2021-02-10 00:24:13','2021-02-10 00:24:13',132),(306,77,'v2',8542,NULL,'2021-02-10 00:24:13','2021-02-10 00:24:13',264),(307,77,'v3',8045,NULL,'2021-02-10 00:24:13','2021-02-10 00:24:13',237),(308,77,'v4',8270,NULL,'2021-02-10 00:24:13','2021-02-10 00:24:13',121),(309,78,'v1',1464,NULL,'2021-02-10 00:24:13','2021-02-10 00:24:13',247),(310,78,'v2',7445,NULL,'2021-02-10 00:24:13','2021-02-10 00:24:13',21),(311,78,'v3',4995,NULL,'2021-02-10 00:24:13','2021-02-10 00:24:13',150),(312,78,'v4',2791,NULL,'2021-02-10 00:24:13','2021-02-10 00:24:13',263),(313,79,'v1',7575,NULL,'2021-02-10 00:24:13','2021-02-10 00:24:13',19),(314,79,'v2',5582,NULL,'2021-02-10 00:24:13','2021-02-10 00:24:13',46),(315,79,'v3',1432,NULL,'2021-02-10 00:24:13','2021-02-10 00:24:13',77),(316,79,'v4',8860,NULL,'2021-02-10 00:24:13','2021-02-10 00:24:13',130),(317,80,'v1',2749,NULL,'2021-02-10 00:24:13','2021-02-10 00:24:13',138),(318,80,'v2',7494,NULL,'2021-02-10 00:24:13','2021-02-10 00:24:13',237),(319,80,'v3',4627,NULL,'2021-02-10 00:24:13','2021-02-10 00:24:13',309),(320,80,'v4',4988,NULL,'2021-02-10 00:24:13','2021-02-10 00:24:13',223),(321,81,'v1',6280,NULL,'2021-02-10 00:24:13','2021-02-10 00:24:13',48),(322,81,'v2',7108,NULL,'2021-02-10 00:24:14','2021-02-10 00:24:14',203),(323,81,'v3',1092,NULL,'2021-02-10 00:24:14','2021-02-10 00:24:14',62),(324,81,'v4',7388,NULL,'2021-02-10 00:24:14','2021-02-10 00:24:14',266),(325,82,'v1',3075,NULL,'2021-02-10 00:24:14','2021-02-10 00:24:14',47),(326,82,'v2',4805,NULL,'2021-02-10 00:24:14','2021-02-10 00:24:14',121),(327,82,'v3',7272,NULL,'2021-02-10 00:24:14','2021-02-10 00:24:14',28),(328,82,'v4',3660,NULL,'2021-02-10 00:24:14','2021-02-10 00:24:14',271),(329,83,'v1',7492,NULL,'2021-02-10 00:24:14','2021-02-10 00:24:14',135),(330,83,'v2',7667,NULL,'2021-02-10 00:24:14','2021-02-10 00:24:14',169),(331,83,'v3',1812,NULL,'2021-02-10 00:24:14','2021-02-10 00:24:14',32),(332,83,'v4',8740,NULL,'2021-02-10 00:24:14','2021-02-10 00:24:14',169),(333,84,'v1',6882,NULL,'2021-02-10 00:24:14','2021-02-10 00:24:14',116),(334,84,'v2',1365,NULL,'2021-02-10 00:24:14','2021-02-10 00:24:14',46),(335,84,'v3',6529,NULL,'2021-02-10 00:24:14','2021-02-10 00:24:14',227),(336,84,'v4',6232,NULL,'2021-02-10 00:24:14','2021-02-10 00:24:14',5),(337,85,'v1',8096,NULL,'2021-02-10 00:24:14','2021-02-10 00:24:14',205),(338,85,'v2',6269,NULL,'2021-02-10 00:24:14','2021-02-10 00:24:14',89),(339,85,'v3',6748,NULL,'2021-02-10 00:24:14','2021-02-10 00:24:14',46),(340,85,'v4',1303,NULL,'2021-02-10 00:24:14','2021-02-10 00:24:14',188),(341,86,'v1',1721,NULL,'2021-02-10 00:24:14','2021-02-10 00:24:14',242),(342,86,'v2',3108,NULL,'2021-02-10 00:24:14','2021-02-10 00:24:14',39),(343,86,'v3',8840,NULL,'2021-02-10 00:24:14','2021-02-10 00:24:14',91),(344,86,'v4',3970,NULL,'2021-02-10 00:24:14','2021-02-10 00:24:14',287),(345,87,'v1',6804,NULL,'2021-02-10 00:24:14','2021-02-10 00:24:14',86),(346,87,'v2',5826,NULL,'2021-02-10 00:24:14','2021-02-10 00:24:14',190),(347,87,'v3',1338,NULL,'2021-02-10 00:24:14','2021-02-10 00:24:14',138),(348,87,'v4',4097,NULL,'2021-02-10 00:24:14','2021-02-10 00:24:14',144),(349,88,'v1',9146,NULL,'2021-02-10 00:24:14','2021-02-10 00:24:14',208),(350,88,'v2',1329,NULL,'2021-02-10 00:24:14','2021-02-10 00:24:14',266),(351,88,'v3',3340,NULL,'2021-02-10 00:24:14','2021-02-10 00:24:14',243),(352,88,'v4',1138,NULL,'2021-02-10 00:24:14','2021-02-10 00:24:14',266),(353,89,'v1',4548,NULL,'2021-02-10 00:24:14','2021-02-10 00:24:14',7),(354,89,'v2',6164,NULL,'2021-02-10 00:24:14','2021-02-10 00:24:14',180),(355,89,'v3',9957,NULL,'2021-02-10 00:24:14','2021-02-10 00:24:14',221),(356,89,'v4',4403,NULL,'2021-02-10 00:24:14','2021-02-10 00:24:14',76),(357,90,'v1',3429,NULL,'2021-02-10 00:24:14','2021-02-10 00:24:14',356),(358,90,'v2',1599,NULL,'2021-02-10 00:24:14','2021-02-10 00:24:14',333),(359,90,'v3',8861,NULL,'2021-02-10 00:24:14','2021-02-10 00:24:14',213),(360,90,'v4',5097,NULL,'2021-02-10 00:24:14','2021-02-10 00:24:14',301),(361,91,'v1',6618,NULL,'2021-02-10 00:24:14','2021-02-10 00:24:14',345),(362,91,'v2',1114,NULL,'2021-02-10 00:24:14','2021-02-10 00:24:14',137),(363,91,'v3',9129,NULL,'2021-02-10 00:24:14','2021-02-10 00:24:14',339),(364,91,'v4',2741,NULL,'2021-02-10 00:24:14','2021-02-10 00:24:14',364),(365,92,'v1',3335,NULL,'2021-02-10 00:24:14','2021-02-10 00:24:14',309),(366,92,'v2',2841,NULL,'2021-02-10 00:24:14','2021-02-10 00:24:14',201),(367,92,'v3',1743,NULL,'2021-02-10 00:24:14','2021-02-10 00:24:14',282),(368,92,'v4',3797,NULL,'2021-02-10 00:24:14','2021-02-10 00:24:14',277),(369,93,'v1',2512,NULL,'2021-02-10 00:24:14','2021-02-10 00:24:14',333),(370,93,'v2',2659,NULL,'2021-02-10 00:24:14','2021-02-10 00:24:14',232),(371,93,'v3',1601,NULL,'2021-02-10 00:24:14','2021-02-10 00:24:14',72),(372,93,'v4',7373,NULL,'2021-02-10 00:24:14','2021-02-10 00:24:14',372),(373,94,'v1',6627,NULL,'2021-02-10 00:24:14','2021-02-10 00:24:14',234),(374,94,'v2',7175,NULL,'2021-02-10 00:24:14','2021-02-10 00:24:14',92),(375,94,'v3',7612,NULL,'2021-02-10 00:24:14','2021-02-10 00:24:14',292),(376,94,'v4',7359,NULL,'2021-02-10 00:24:14','2021-02-10 00:24:14',88),(377,95,'v1',2708,NULL,'2021-02-10 00:24:14','2021-02-10 00:24:14',304),(378,95,'v2',6014,NULL,'2021-02-10 00:24:14','2021-02-10 00:24:14',201),(379,95,'v3',5100,NULL,'2021-02-10 00:24:14','2021-02-10 00:24:14',108),(380,95,'v4',5935,NULL,'2021-02-10 00:24:14','2021-02-10 00:24:14',215),(381,96,'v1',9546,NULL,'2021-02-10 00:24:14','2021-02-10 00:24:14',368),(382,96,'v2',6641,NULL,'2021-02-10 00:24:14','2021-02-10 00:24:14',261),(383,96,'v3',7136,NULL,'2021-02-10 00:24:14','2021-02-10 00:24:14',293),(384,96,'v4',9760,NULL,'2021-02-10 00:24:14','2021-02-10 00:24:14',175),(385,97,'v1',4323,NULL,'2021-02-10 00:24:14','2021-02-10 00:24:14',268),(386,97,'v2',8894,NULL,'2021-02-10 00:24:14','2021-02-10 00:24:14',103),(387,97,'v3',1909,NULL,'2021-02-10 00:24:14','2021-02-10 00:24:14',111),(388,97,'v4',6910,NULL,'2021-02-10 00:24:14','2021-02-10 00:24:14',46),(389,98,'v1',1289,NULL,'2021-02-10 00:24:14','2021-02-10 00:24:14',139),(390,98,'v2',5397,NULL,'2021-02-10 00:24:14','2021-02-10 00:24:14',221),(391,98,'v3',5093,NULL,'2021-02-10 00:24:14','2021-02-10 00:24:14',351),(392,98,'v4',9711,NULL,'2021-02-10 00:24:14','2021-02-10 00:24:14',353),(393,99,'v1',7644,NULL,'2021-02-10 00:24:14','2021-02-10 00:24:14',300),(394,99,'v2',3003,NULL,'2021-02-10 00:24:14','2021-02-10 00:24:14',171),(395,99,'v3',5705,NULL,'2021-02-10 00:24:14','2021-02-10 00:24:14',367),(396,99,'v4',7471,NULL,'2021-02-10 00:24:14','2021-02-10 00:24:14',60),(397,100,'v1',4829,NULL,'2021-02-10 00:24:14','2021-02-10 00:24:14',35),(398,100,'v2',2565,NULL,'2021-02-10 00:24:14','2021-02-10 00:24:14',164),(399,100,'v3',5608,NULL,'2021-02-10 00:24:14','2021-02-10 00:24:14',389),(400,100,'v4',8783,NULL,'2021-02-10 00:24:14','2021-02-10 00:24:14',10);
/*!40000 ALTER TABLE `product_variations` ENABLE KEYS */;
UNLOCK TABLES;

--
-- Table structure for table `products`
--

DROP TABLE IF EXISTS `products`;
/*!40101 SET @saved_cs_client     = @@character_set_client */;
/*!40101 SET character_set_client = utf8 */;
CREATE TABLE `products` (
  `id` bigint(20) unsigned NOT NULL AUTO_INCREMENT,
  `name` varchar(255) COLLATE utf8mb4_unicode_ci NOT NULL,
  `slug` varchar(255) COLLATE utf8mb4_unicode_ci NOT NULL,
  `description` longtext COLLATE utf8mb4_unicode_ci,
  `price` int(11) NOT NULL,
  `created_at` timestamp NULL DEFAULT NULL,
  `updated_at` timestamp NULL DEFAULT NULL,
  PRIMARY KEY (`id`),
  UNIQUE KEY `products_slug_unique` (`slug`)
) ENGINE=InnoDB AUTO_INCREMENT=501 DEFAULT CHARSET=utf8mb4 COLLATE=utf8mb4_unicode_ci;
/*!40101 SET character_set_client = @saved_cs_client */;

--
-- Dumping data for table `products`
--

LOCK TABLES `products` WRITE;
/*!40000 ALTER TABLE `products` DISABLE KEYS */;
INSERT INTO `products` VALUES (1,'Makayla Medhurst','makayla-medhurst','Queen. \'I haven\'t opened it yet,\' said the King, looking round the table, half hoping she might find another key on it, (\'which certainly was not an encouraging tone. Alice looked all round the.',8896,'2021-02-10 00:24:10','2021-02-10 00:24:10'),(2,'Iliana Lindgren','iliana-lindgren','King. \'Shan\'t,\' said the Duchess, \'chop off her head!\' the Queen said--\' \'Get to your places!\' shouted the Queen said to herself how this same little sister of hers that you weren\'t to talk.',6206,'2021-02-10 00:24:10','2021-02-10 00:24:10'),(3,'Prof. Davion Mante','prof-davion-mante','Gryphon, lying fast asleep in the chimney as she could, for the accident of the e--e--evening, Beautiful, beautiful Soup!\' CHAPTER XI. Who Stole the Tarts? The King laid his hand upon her knee, and.',5405,'2021-02-10 00:24:10','2021-02-10 00:24:10'),(4,'Modesta Wiza MD','modesta-wiza-md','The Cat\'s head with great curiosity, and this was of very little use without my shoulders. Oh, how I wish you would seem to have no notion how long ago anything had happened.) So she began: \'O.',4873,'2021-02-10 00:24:10','2021-02-10 00:24:10'),(5,'Hildegard Nicolas','hildegard-nicolas','Majesty,\' he began. \'You\'re a very pretty dance,\' said Alice aloud, addressing nobody in particular. \'She\'d soon fetch it here, lad!--Here, put \'em up at the bottom of a procession,\' thought she.',8416,'2021-02-10 00:24:10','2021-02-10 00:24:10'),(6,'Angela Schoen','angela-schoen','I can go back and finish your story!\' Alice called out as loud as she could, for the pool was getting so thin--and the twinkling of the same size for ten minutes together!\' \'Can\'t remember WHAT.',9986,'2021-02-10 00:24:10','2021-02-10 00:24:10'),(7,'Dr. Lindsey Wehner MD','dr-lindsey-wehner-md','KNOW IT TO BE TRUE--\" that\'s the queerest thing about it.\' (The jury all looked puzzled.) \'He must have imitated somebody else\'s hand,\' said the King. \'Then it ought to eat her up in such confusion.',3129,'2021-02-10 00:24:10','2021-02-10 00:24:10'),(8,'Juston Rogahn PhD','juston-rogahn-phd','Please, Ma\'am, is this New Zealand or Australia?\' (and she tried to beat them off, and had just succeeded in getting its body tucked away, comfortably enough, under her arm, and timidly said.',3500,'2021-02-10 00:24:10','2021-02-10 00:24:10'),(9,'Adolf Moore','adolf-moore','Queen, who were all shaped like ears and whiskers, how late it\'s getting!\' She was a queer-shaped little creature, and held it out into the darkness as hard as he spoke, and added with a pair of the.',9553,'2021-02-10 00:24:10','2021-02-10 00:24:10'),(10,'Nico Williamson','nico-williamson','Mock Turtle at last, they must be the best cat in the distance, sitting sad and lonely on a bough of a well--\' \'What did they live at the frontispiece if you like!\' the Duchess sang the second verse.',9618,'2021-02-10 00:24:10','2021-02-10 00:24:10'),(11,'Mrs. Asia Bode','mrs-asia-bode','Presently she began fancying the sort of lullaby to it in time,\' said the Dormouse, who was trembling down to her that she wanted much to know, but the Gryphon hastily. \'Go on with the Queen,\' and.',5116,'2021-02-10 00:24:10','2021-02-10 00:24:10'),(12,'Miss Lilly Gaylord IV','miss-lilly-gaylord-iv','Digging for apples, indeed!\' said Alice, \'because I\'m not particular as to bring tears into her eyes; and once she remembered that she began again. \'I should like to hear it say, as it went, as if.',7384,'2021-02-10 00:24:10','2021-02-10 00:24:10'),(13,'Antwon Romaguera','antwon-romaguera','CHORUS. \'Wow! wow! wow!\' \'Here! you may nurse it a violent shake at the end of the birds hurried off to other parts of the fact. \'I keep them to sell,\' the Hatter replied. \'Of course twinkling.',4221,'2021-02-10 00:24:10','2021-02-10 00:24:10'),(14,'Velma Kuhn','velma-kuhn','And concluded the banquet--] \'What IS the fun?\' said Alice. \'Of course twinkling begins with a shiver. \'I beg your acceptance of this rope--Will the roof off.\' After a minute or two, they began.',6978,'2021-02-10 00:24:10','2021-02-10 00:24:10'),(15,'Dr. Summer Kuhn Jr.','dr-summer-kuhn-jr','Alice, and she ran out of the ground--and I should have liked teaching it tricks very much, if--if I\'d only been the whiting,\' said the Mock Turtle to sing \"Twinkle, twinkle, little bat! How I.',1199,'2021-02-10 00:24:10','2021-02-10 00:24:10'),(16,'Karelle Bergnaum','karelle-bergnaum','Alice replied, rather shyly, \'I--I hardly know, sir, just at first, perhaps,\' said the Duchess, \'chop off her head!\' the Queen ordering off her knowledge, as there was a dead silence instantly, and.',2603,'2021-02-10 00:24:10','2021-02-10 00:24:10'),(17,'Willard Dickens','willard-dickens','Dormouse again, so she felt very glad that it was done. They had a wink of sleep these three weeks!\' \'I\'m very sorry you\'ve been annoyed,\' said Alice, a little of her knowledge. \'Just think of.',8807,'2021-02-10 00:24:10','2021-02-10 00:24:10'),(18,'Dr. Nick Mayer V','dr-nick-mayer-v','This did not look at it!\' This speech caused a remarkable sensation among the leaves, which she had quite a crowd of little pebbles came rattling in at all?\' said Alice, \'how am I to get her head on.',6013,'2021-02-10 00:24:10','2021-02-10 00:24:10'),(19,'Gilda Reichel','gilda-reichel','WHAT?\' thought Alice; \'only, as it\'s asleep, I suppose you\'ll be asleep again before it\'s done.\' \'Once upon a little sharp bark just over her head to hide a smile: some of the e--e--evening.',1725,'2021-02-10 00:24:10','2021-02-10 00:24:10'),(20,'Raul Nolan','raul-nolan','I hardly know--No more, thank ye; I\'m better now--but I\'m a deal faster than it does.\' \'Which would NOT be an advantage,\' said Alice, \'and if it please your Majesty?\' he asked. \'Begin at the stick.',5033,'2021-02-10 00:24:10','2021-02-10 00:24:10'),(21,'Prof. Sheldon Schmeler','prof-sheldon-schmeler','Turtle.\' These words were followed by a row of lamps hanging from the trees had a head could be beheaded, and that you couldn\'t cut off a head unless there was a body to cut it off from: that he had.',8607,'2021-02-10 00:24:10','2021-02-10 00:24:10'),(22,'Tremayne Jenkins','tremayne-jenkins','I shall never get to the executioner: \'fetch her here.\' And the Gryphon went on, taking first one side and then sat upon it.) \'I\'m glad I\'ve seen that done,\' thought Alice. \'I wonder what I could.',9791,'2021-02-10 00:24:10','2021-02-10 00:24:10'),(23,'Sarah VonRueden','sarah-vonrueden','First, because I\'m on the glass table as before, \'and things are worse than ever,\' thought the poor little thing sat down a good deal frightened at the other, saying, in a large crowd collected.',2315,'2021-02-10 00:24:10','2021-02-10 00:24:10'),(24,'Miss Zoey Beahan','miss-zoey-beahan','Time, and round Alice, every now and then said \'The fourth.\' \'Two days wrong!\' sighed the Lory, who at last the Mouse, getting up and down in a minute. Alice began telling them her adventures from.',2019,'2021-02-10 00:24:10','2021-02-10 00:24:10'),(25,'Ayla Lockman','ayla-lockman','WOULD always get into that beautiful garden--how IS that to be an advantage,\' said Alice, seriously, \'I\'ll have nothing more to do anything but sit with its wings. \'Serpent!\' screamed the Queen.',6563,'2021-02-10 00:24:10','2021-02-10 00:24:10'),(26,'Reilly Armstrong','reilly-armstrong','Dormouse say?\' one of the jurymen. \'It isn\'t mine,\' said the Caterpillar angrily, rearing itself upright as it left no mark on the same as they were lying round the table, but there was Mystery,\'.',3073,'2021-02-10 00:24:10','2021-02-10 00:24:10'),(27,'Jordyn Stiedemann PhD','jordyn-stiedemann-phd','Queen\'s absence, and were quite silent, and looked at Two. Two began in a voice outside, and stopped to listen. \'Mary Ann! Mary Ann!\' said the Lory. Alice replied very readily: \'but that\'s because.',7934,'2021-02-10 00:24:10','2021-02-10 00:24:10'),(28,'Prof. Mikel Macejkovic','prof-mikel-macejkovic','Why, there\'s hardly enough of it had entirely disappeared; so the King was the White Rabbit put on his spectacles. \'Where shall I begin, please your Majesty?\' he asked. \'Begin at the great concert.',9440,'2021-02-10 00:24:10','2021-02-10 00:24:10'),(29,'Rocky Abshire MD','rocky-abshire-md','Alice recognised the White Rabbit. She was a dead silence. Alice was beginning to write out a race-course, in a hurry that she was peering about anxiously among the bright eager eyes were looking up.',9709,'2021-02-10 00:24:10','2021-02-10 00:24:10'),(30,'Mrs. Julianne Koch','mrs-julianne-koch','Gryphon went on, looking anxiously about her. \'Oh, do let me hear the Rabbit hastily interrupted. \'There\'s a great many more than nine feet high. \'I wish you wouldn\'t have come here.\' Alice didn\'t.',8865,'2021-02-10 00:24:10','2021-02-10 00:24:10'),(31,'Clair Herzog','clair-herzog','Duchess was sitting on the table. \'Nothing can be clearer than THAT. Then again--\"BEFORE SHE HAD THIS FIT--\" you never had fits, my dear, YOU must cross-examine the next witness!\' said the.',4139,'2021-02-10 00:24:10','2021-02-10 00:24:10'),(32,'Ted Predovic','ted-predovic','King. \'Nearly two miles high,\' added the Hatter, who turned pale and fidgeted. \'Give your evidence,\' said the Queen. \'I haven\'t the slightest idea,\' said the Cat. \'--so long as I get SOMEWHERE,\'.',3673,'2021-02-10 00:24:10','2021-02-10 00:24:10'),(33,'Kirstin Wyman','kirstin-wyman','Alice: \'besides, that\'s not a moment to be ashamed of yourself for asking such a thing. After a time there could be no chance of this, so that they must be growing small again.\' She got up in a.',7245,'2021-02-10 00:24:10','2021-02-10 00:24:10'),(34,'Mariah Johnson','mariah-johnson','I don\'t know what \"it\" means well enough, when I was thinking I should think it so yet,\' said the Hatter. He came in with the next moment a shower of saucepans, plates, and dishes. The Duchess took.',5130,'2021-02-10 00:24:10','2021-02-10 00:24:10'),(35,'Devin Kuphal','devin-kuphal','And argued each case with MINE,\' said the Duchess, the Duchess! Oh! won\'t she be savage if I\'ve kept her eyes filled with tears again as she could do to hold it. As soon as she could. \'No,\' said.',7053,'2021-02-10 00:24:10','2021-02-10 00:24:10'),(36,'Elisa Heller','elisa-heller','Cat: \'we\'re all mad here. I\'m mad. You\'re mad.\' \'How do you know what to do, so Alice soon came to ME, and told me you had been found and handed them round as prizes. There was not a moment to be.',7883,'2021-02-10 00:24:10','2021-02-10 00:24:10'),(37,'Justice Kutch IV','justice-kutch-iv','King. (The jury all brightened up again.) \'Please your Majesty,\' he began, \'for bringing these in: but I shall see it quite plainly through the little door about fifteen inches high: she tried to.',4301,'2021-02-10 00:24:10','2021-02-10 00:24:10'),(38,'Greta Gleichner','greta-gleichner','I should like to have him with them,\' the Mock Turtle sang this, very slowly and sadly:-- \'\"Will you walk a little nervous about this; \'for it might injure the brain; But, now that I\'m doubtful.',5890,'2021-02-10 00:24:10','2021-02-10 00:24:10'),(39,'Oleta Schmidt','oleta-schmidt','It was so much surprised, that for the first day,\' said the Hatter. He had been anything near the centre of the window, I only wish it was,\' said the Hatter. \'I told you that.\' \'If I\'d been the.',4283,'2021-02-10 00:24:10','2021-02-10 00:24:10'),(40,'Dr. Chaz Botsford DDS','dr-chaz-botsford-dds','King said to the general conclusion, that wherever you go to law: I will prosecute YOU.--Come, I\'ll take no denial; We must have a prize herself, you know,\' said Alice thoughtfully: \'but then--I.',1199,'2021-02-10 00:24:10','2021-02-10 00:24:10'),(41,'Dr. Shanel Parker','dr-shanel-parker','Duchess was sitting on a summer day: The Knave of Hearts, carrying the King\'s crown on a little bit, and said \'No, never\') \'--so you can find out the words: \'Where\'s the other birds tittered.',8182,'2021-02-10 00:24:10','2021-02-10 00:24:10'),(42,'Ms. Violette Moen','ms-violette-moen','How brave they\'ll all think me for his housemaid,\' she said this, she was as much right,\' said the Hatter, and, just as she couldn\'t answer either question, it didn\'t sound at all a proper way of.',7714,'2021-02-10 00:24:10','2021-02-10 00:24:10'),(43,'Shanny Bartell','shanny-bartell','Alice; \'I might as well look and see after some executions I have dropped them, I wonder?\' As she said to the Cheshire Cat, she was now more than Alice could not tell whether they were mine before.',4670,'2021-02-10 00:24:10','2021-02-10 00:24:10'),(44,'Mrs. Effie Jerde','mrs-effie-jerde','ALL RETURNED FROM HIM TO YOU,\"\' said Alice. \'Why not?\' said the King; and as the large birds complained that they were lying round the neck of the miserable Mock Turtle. \'She can\'t explain it,\' said.',5889,'2021-02-10 00:24:10','2021-02-10 00:24:10'),(45,'Aiden Wisozk','aiden-wisozk','Queen, \'and take this child away with me,\' thought Alice, and she felt certain it must be the use of a muchness?\' \'Really, now you ask me,\' said Alice, seriously, \'I\'ll have nothing more to be a.',9191,'2021-02-10 00:24:10','2021-02-10 00:24:10'),(46,'Michael Langosh','michael-langosh','WHAT?\' thought Alice; but she stopped hastily, for the hot day made her draw back in a louder tone. \'ARE you to set about it; if I\'m Mabel, I\'ll stay down here with me! There are no mice in the.',7212,'2021-02-10 00:24:10','2021-02-10 00:24:10'),(47,'Mrs. Aletha Morissette V','mrs-aletha-morissette-v','Oh, how I wish you wouldn\'t have come here.\' Alice didn\'t think that very few little girls in my own tears! That WILL be a Caucus-race.\' \'What IS the use of a large one, but it said nothing. \'When.',4979,'2021-02-10 00:24:10','2021-02-10 00:24:10'),(48,'Prof. Jamarcus Bernhard DVM','prof-jamarcus-bernhard-dvm','Alice timidly. \'Would you tell me, please, which way I ought to be no doubt that it is!\' As she said to herself, \'after such a long and a great thistle, to keep herself from being broken. She.',5461,'2021-02-10 00:24:10','2021-02-10 00:24:10'),(49,'Perry Labadie','perry-labadie','Alice thought this must ever be A secret, kept from all the rest were quite dry again, the Dodo replied very readily: \'but that\'s because it stays the same tone, exactly as if it thought that.',5152,'2021-02-10 00:24:10','2021-02-10 00:24:10'),(50,'Prof. Rusty Johnston MD','prof-rusty-johnston-md','Five. \'I heard the Queen jumped up on tiptoe, and peeped over the wig, (look at the righthand bit again, and went stamping about, and shouting \'Off with her head!\' Those whom she sentenced were.',7399,'2021-02-10 00:24:10','2021-02-10 00:24:10'),(51,'Stanford Flatley','stanford-flatley','King exclaimed, turning to Alice, and tried to fancy to cats if you could only hear whispers now and then, if I can do no more, whatever happens. What WILL become of you? I gave her answer. \'They\'re.',5437,'2021-02-10 00:24:10','2021-02-10 00:24:10'),(52,'Emery Kozey','emery-kozey','By the use of this rope--Will the roof was thatched with fur. It was so long since she had brought herself down to them, and then added them up, and there she saw them, they were trying which word.',3967,'2021-02-10 00:24:10','2021-02-10 00:24:10'),(53,'Harold Kerluke PhD','harold-kerluke-phd','Alice, who was passing at the picture.) \'Up, lazy thing!\' said the Pigeon. \'I\'m NOT a serpent!\' said Alice indignantly. \'Let me alone!\' \'Serpent, I say again!\' repeated the Pigeon, but in a long.',8598,'2021-02-10 00:24:10','2021-02-10 00:24:10'),(54,'Octavia Klocko DVM','octavia-klocko-dvm','Mock Turtle had just upset the milk-jug into his plate. Alice did not feel encouraged to ask help of any good reason, and as the jury asked. \'That I can\'t be civil, you\'d better finish the story for.',9621,'2021-02-10 00:24:10','2021-02-10 00:24:10'),(55,'Kariane Trantow MD','kariane-trantow-md','Alice looked all round her head. \'If I eat or drink under the sea,\' the Gryphon only answered \'Come on!\' and ran the faster, while more and more faintly came, carried on the floor: in another minute.',3237,'2021-02-10 00:24:10','2021-02-10 00:24:10'),(56,'Pamela Schultz','pamela-schultz','Queen\'s shrill cries to the table, but it was her dream:-- First, she dreamed of little cartwheels, and the whole she thought it must be collected at once in a hurried nervous manner, smiling at.',5979,'2021-02-10 00:24:10','2021-02-10 00:24:10'),(57,'Garry Cronin','garry-cronin','You grant that?\' \'I suppose so,\' said the Caterpillar. \'Well, perhaps you were me?\' \'Well, perhaps not,\' said Alice more boldly: \'you know you\'re growing too.\' \'Yes, but some crumbs must have been.',6656,'2021-02-10 00:24:10','2021-02-10 00:24:10'),(58,'Dr. Fred Kilback','dr-fred-kilback','Was kindly permitted to pocket the spoon: While the Owl had the door began sneezing all at once. \'Give your evidence,\' the King exclaimed, turning to the whiting,\' said Alice, rather alarmed at the.',2590,'2021-02-10 00:24:10','2021-02-10 00:24:10'),(59,'Carlotta Hills','carlotta-hills','Alice in a shrill, passionate voice. \'Would YOU like cats if you don\'t know what \"it\" means well enough, when I breathe\"!\' \'It IS the fun?\' said Alice. \'Come, let\'s try the patience of an oyster!\'.',9594,'2021-02-10 00:24:10','2021-02-10 00:24:10'),(60,'Mrs. Selena Boyle I','mrs-selena-boyle-i','French mouse, come over with William the Conqueror.\' (For, with all their simple joys, remembering her own courage. \'It\'s no business there, at any rate I\'ll never go THERE again!\' said Alice to.',7093,'2021-02-10 00:24:10','2021-02-10 00:24:10'),(61,'Miss Rossie Schowalter','miss-rossie-schowalter','In another moment down went Alice after it, and kept doubling itself up very sulkily and crossed over to the end of the well, and noticed that one of the sense, and the great concert given by the.',6067,'2021-02-10 00:24:10','2021-02-10 00:24:10'),(62,'Prof. Cornelius Muller IV','prof-cornelius-muller-iv','The hedgehog was engaged in a very melancholy voice. \'Repeat, \"YOU ARE OLD, FATHER WILLIAM,\"\' said the Hatter, and he went on, \'that they\'d let Dinah stop in the window?\' \'Sure, it\'s an arm, yer.',4281,'2021-02-10 00:24:10','2021-02-10 00:24:10'),(63,'Annabelle Ondricka','annabelle-ondricka','Alice; \'that\'s not at all anxious to have been changed for any lesson-books!\' And so it was good manners for her to begin.\' For, you see, so many tea-things are put out here?\' she asked. \'Yes.',8612,'2021-02-10 00:24:10','2021-02-10 00:24:10'),(64,'Dr. Floy Wintheiser PhD','dr-floy-wintheiser-phd','Gryphon hastily. \'Go on with the Lory, who at last came a little pattering of feet on the top with its arms and legs in all their simple joys, remembering her own ears for having missed their turns.',7790,'2021-02-10 00:24:10','2021-02-10 00:24:10'),(65,'Uriel Hammes','uriel-hammes','Alice, and she grew no larger: still it had a wink of sleep these three little sisters,\' the Dormouse indignantly. However, he consented to go down--Here, Bill! the master says you\'re to go and get.',3906,'2021-02-10 00:24:10','2021-02-10 00:24:10'),(66,'Kira Farrell','kira-farrell','Dinah!\' she said these words her foot slipped, and in another moment down went Alice like the look of the soldiers shouted in reply. \'That\'s right!\' shouted the Queen. \'Sentence first--verdict.',5738,'2021-02-10 00:24:10','2021-02-10 00:24:10'),(67,'Lilyan Ondricka','lilyan-ondricka','OF THE SLUGGARD,\"\' said the Dodo managed it.) First it marked out a new pair of the teacups as the soldiers shouted in reply. \'That\'s right!\' shouted the Queen. \'I haven\'t the least notice of them.',2674,'2021-02-10 00:24:10','2021-02-10 00:24:10'),(68,'Dr. Jaleel Mohr','dr-jaleel-mohr','The Cat\'s head began fading away the moment she quite forgot you didn\'t sign it,\' said the Hatter: \'as the things get used up.\' \'But what am I to do?\' said Alice. \'Well, I shan\'t go, at any rate: go.',1740,'2021-02-10 00:24:10','2021-02-10 00:24:10'),(69,'Sydnie Wiegand','sydnie-wiegand','Rabbit\'s--\'Pat! Pat! Where are you?\' said Alice, and tried to open them again, and she hurried out of breath, and said \'No, never\') \'--so you can find them.\' As she said to herself. \'I dare say you.',7206,'2021-02-10 00:24:10','2021-02-10 00:24:10'),(70,'Mrs. Eleanora Klein','mrs-eleanora-klein','Prizes!\' Alice had been wandering, when a sharp hiss made her next remark. \'Then the eleventh day must have been that,\' said the King hastily said, and went on so long since she had found the fan.',8921,'2021-02-10 00:24:10','2021-02-10 00:24:10'),(71,'Mrs. Whitney Keebler','mrs-whitney-keebler','I to do that,\' said the Dormouse, who was passing at the stick, and tumbled head over heels in its sleep \'Twinkle, twinkle, twinkle, twinkle--\' and went to school in the middle of the court,\" and I.',9679,'2021-02-10 00:24:10','2021-02-10 00:24:10'),(72,'Modesta Torp','modesta-torp','And here poor Alice in a hot tureen! Who for such a dreadful time.\' So Alice began in a natural way again. \'I wonder if I know all the jurymen on to the shore, and then I\'ll tell you how the game.',8538,'2021-02-10 00:24:10','2021-02-10 00:24:10'),(73,'Eliezer Harber','eliezer-harber','CHAPTER II. The Pool of Tears \'Curiouser and curiouser!\' cried Alice (she was obliged to write out a box of comfits, (luckily the salt water had not gone (We know it to his ear. Alice considered a.',9778,'2021-02-10 00:24:10','2021-02-10 00:24:10'),(74,'Myriam Abshire Jr.','myriam-abshire-jr','I wonder what CAN have happened to you? Tell us all about as it spoke (it was Bill, the Lizard) could not be denied, so she began thinking over all she could have told you butter wouldn\'t suit the.',8072,'2021-02-10 00:24:10','2021-02-10 00:24:10'),(75,'Dr. Mateo Johnston','dr-mateo-johnston','Hatter, \'I cut some more tea,\' the March Hare. \'Then it ought to be full of soup. \'There\'s certainly too much pepper in my own tears! That WILL be a grin, and she thought it must be a grin, and she.',6378,'2021-02-10 00:24:10','2021-02-10 00:24:10'),(76,'Sabina Rau','sabina-rau','She took down a jar from one foot to the little creature down, and was going on between the executioner, the King, \'unless it was neither more nor less than a pig, my dear,\' said Alice, seriously.',5555,'2021-02-10 00:24:10','2021-02-10 00:24:10'),(77,'Tristian O\'Hara','tristian-ohara','Alice heard it say to this: so she set to work nibbling at the mushroom for a long way back, and barking hoarsely all the way YOU manage?\' Alice asked. \'We called him Tortoise because he was gone.',6762,'2021-02-10 00:24:10','2021-02-10 00:24:10'),(78,'Amalia Kiehn','amalia-kiehn','I!\' he replied. \'We quarrelled last March--just before HE went mad, you know--\' (pointing with his nose Trims his belt and his buttons, and turns out his toes.\' [later editions continued as follows.',9811,'2021-02-10 00:24:10','2021-02-10 00:24:10'),(79,'Stevie Crona','stevie-crona','There were doors all round her, about four feet high. \'I wish I could not make out that she might as well say that \"I see what would happen next. First, she tried to speak, and no one else seemed.',9414,'2021-02-10 00:24:10','2021-02-10 00:24:10'),(80,'Wilhelm O\'Connell','wilhelm-oconnell','This seemed to be no doubt that it might appear to others that what you mean,\' said Alice. \'Why, you don\'t know what they\'re about!\' \'Read them,\' said the March Hare said to herself; \'I should have.',4063,'2021-02-10 00:24:10','2021-02-10 00:24:10'),(81,'Finn Cruickshank PhD','finn-cruickshank-phd','White Rabbit was no one else seemed inclined to say but \'It belongs to a mouse, you know. Come on!\' \'Everybody says \"come on!\" here,\' thought Alice, and, after folding his arms and frowning at the.',9766,'2021-02-10 00:24:10','2021-02-10 00:24:10'),(82,'Name Corkery','name-corkery','It did so indeed, and much sooner than she had been jumping about like mad things all this time, sat down at them, and was surprised to see that the mouse to the table for it, she found herself safe.',1282,'2021-02-10 00:24:10','2021-02-10 00:24:10'),(83,'Declan Medhurst','declan-medhurst','Dodo solemnly presented the thimble, saying \'We beg your pardon!\' she exclaimed in a languid, sleepy voice. \'Who are YOU?\' said the Mock Turtle in a long, low hall, which was lit up by wild beasts.',8466,'2021-02-10 00:24:10','2021-02-10 00:24:10'),(84,'Delbert Farrell','delbert-farrell','Mouse, sharply and very angrily. \'A knot!\' said Alice, who was sitting next to no toys to play with, and oh! ever so many different sizes in a minute, nurse! But I\'ve got to see if he thought it.',2862,'2021-02-10 00:24:10','2021-02-10 00:24:10'),(85,'Dewayne Padberg','dewayne-padberg','I\'ll stay down here with me! There are no mice in the sea, though you mayn\'t believe it--\' \'I never was so full of smoke from one foot to the Hatter. \'I deny it!\' said the Dodo. Then they both.',4512,'2021-02-10 00:24:10','2021-02-10 00:24:10'),(86,'Peter Cartwright','peter-cartwright','Queen never left off when they hit her; and the Queen put on one knee as he spoke, and then said, \'It was the White Rabbit blew three blasts on the floor, and a Canary called out as loud as she.',6475,'2021-02-10 00:24:10','2021-02-10 00:24:10'),(87,'Simone Zboncak','simone-zboncak','Mock Turtle said: \'I\'m too stiff. And the moral of that is--\"Oh, \'tis love, that makes you forget to talk. I can\'t remember,\' said the Cat, \'a dog\'s not mad. You grant that?\' \'I suppose so,\' said.',3298,'2021-02-10 00:24:10','2021-02-10 00:24:10'),(88,'Gilberto Glover','gilberto-glover','On which Seven looked up and went to the other side of WHAT?\' thought Alice to find quite a commotion in the pool, and the beak-- Pray how did you ever eat a little girl or a watch to take MORE than.',4847,'2021-02-10 00:24:10','2021-02-10 00:24:10'),(89,'Bart Adams','bart-adams','She pitied him deeply. \'What is it?\' he said. (Which he certainly did NOT, being made entirely of cardboard.) \'All right, so far,\' said the Mock Turtle in the air, and came flying down upon her: she.',7770,'2021-02-10 00:24:10','2021-02-10 00:24:10'),(90,'Shakira Hauck','shakira-hauck','Mouse was speaking, so that it made no mark; but he now hastily began again, using the ink, that was said, and went on again:-- \'You may not have lived much under the hedge. In another moment it was.',3601,'2021-02-10 00:24:10','2021-02-10 00:24:10'),(91,'Ms. Danielle Bergstrom II','ms-danielle-bergstrom-ii','Alice, whose thoughts were still running on the slate. \'Herald, read the accusation!\' said the Caterpillar. \'Well, perhaps you haven\'t found it advisable--\"\' \'Found WHAT?\' said the Caterpillar.',6891,'2021-02-10 00:24:10','2021-02-10 00:24:10'),(92,'Skyla Sanford','skyla-sanford','MUST be more to come, so she went on: \'--that begins with an air of great relief. \'Now at OURS they had at the end of your flamingo. Shall I try the experiment?\' \'HE might bite,\' Alice cautiously.',9487,'2021-02-10 00:24:10','2021-02-10 00:24:10'),(93,'Kayley Mohr','kayley-mohr','March Hare meekly replied. \'Yes, but some crumbs must have been ill.\' \'So they were,\' said the Duchess; \'I never thought about it,\' added the March Hare went \'Sh! sh!\' and the Hatter added as an.',8372,'2021-02-10 00:24:10','2021-02-10 00:24:10'),(94,'Oleta Schuster','oleta-schuster','And the moral of that is--\"Oh, \'tis love, \'tis love, that makes people hot-tempered,\' she went back for a long time with great curiosity. \'Soles and eels, of course,\' he said to herself, \'the way.',3398,'2021-02-10 00:24:10','2021-02-10 00:24:10'),(95,'Mrs. Enola Reynolds DVM','mrs-enola-reynolds-dvm','King. On this the whole pack rose up into the earth. Let me see: I\'ll give them a railway station.) However, she got used to it in less than no time she\'d have everybody executed, all round. (It was.',3709,'2021-02-10 00:24:10','2021-02-10 00:24:10'),(96,'Dr. Laurence Heller','dr-laurence-heller','Alice, \'and why it is you hate--C and D,\' she added in an offended tone, \'was, that the best way you can;--but I must sugar my hair.\" As a duck with its mouth and began bowing to the baby, the.',1596,'2021-02-10 00:24:10','2021-02-10 00:24:10'),(97,'Amely Durgan III','amely-durgan-iii','I shall fall right THROUGH the earth! How funny it\'ll seem to have the experiment tried. \'Very true,\' said the Hatter. \'He won\'t stand beating. Now, if you only kept on good terms with him, he\'d do.',3049,'2021-02-10 00:24:10','2021-02-10 00:24:10'),(98,'Dr. Johnathon Turcotte','dr-johnathon-turcotte','King, \'unless it was indeed: she was appealed to by all three to settle the question, and they repeated their arguments to her, so she bore it as far as they used to call him Tortoise--\' \'Why did.',1090,'2021-02-10 00:24:10','2021-02-10 00:24:10'),(99,'Prof. Maximus Kessler','prof-maximus-kessler','Alice did not get hold of this ointment--one shilling the box-- Allow me to him: She gave me a good opportunity for making her escape; so she went on. \'Or would you tell me,\' said Alice, (she had.',8635,'2021-02-10 00:24:10','2021-02-10 00:24:10'),(100,'Mr. Roscoe Fay Jr.','mr-roscoe-fay-jr','It means much the same thing with you,\' said the March Hare interrupted, yawning. \'I\'m getting tired of this. I vote the young Crab, a little nervous about this; \'for it might be some sense in your.',5174,'2021-02-10 00:24:10','2021-02-10 00:24:10'),(101,'Lane Leffler I','lane-leffler-i','Queen to-day?\' \'I should think very likely to eat or drink anything; so I\'ll just see what would be like, \'--for they haven\'t got much evidence YET,\' she said to herself \'That\'s quite enough--I hope.',4704,'2021-02-10 00:24:10','2021-02-10 00:24:10'),(102,'Kattie Heller','kattie-heller','Dormouse began in a game of play with a whiting. Now you know.\' \'Not at all,\' said Alice: \'three inches is such a nice little histories about children who had meanwhile been examining the roses.',4807,'2021-02-10 00:24:10','2021-02-10 00:24:10'),(103,'Robyn Ferry V','robyn-ferry-v','Alice had been all the arches are gone from this side of the baby?\' said the King: \'leave out that the Queen furiously, throwing an inkstand at the proposal. \'Then the words have got in as well,\'.',5250,'2021-02-10 00:24:10','2021-02-10 00:24:10'),(104,'Prof. Lora Zemlak','prof-lora-zemlak','Five! Always lay the blame on others!\' \'YOU\'D better not talk!\' said Five. \'I heard every word you fellows were saying.\' \'Tell us a story!\' said the Mock Turtle in a VERY turn-up nose, much more.',1766,'2021-02-10 00:24:10','2021-02-10 00:24:10'),(105,'Hosea Champlin','hosea-champlin','Alice. \'I mean what I say,\' the Mock Turtle. \'She can\'t explain MYSELF, I\'m afraid, but you might catch a bat, and that\'s very like a wild beast, screamed \'Off with his head!\"\' \'How dreadfully.',6895,'2021-02-10 00:24:10','2021-02-10 00:24:10'),(106,'Mr. Tom Torphy Jr.','mr-tom-torphy-jr','Majesty!\' the soldiers did. After these came the royal children; there were no arches left, and all that,\' said Alice. \'You are,\' said the Mock Turtle persisted. \'How COULD he turn them out again.',1965,'2021-02-10 00:24:10','2021-02-10 00:24:10'),(107,'Mrs. Virginie Jacobs PhD','mrs-virginie-jacobs-phd','WOULD always get into her eyes; and once she remembered how small she was a general chorus of \'There goes Bill!\' then the different branches of Arithmetic--Ambition, Distraction, Uglification, and.',5889,'2021-02-10 00:24:10','2021-02-10 00:24:10'),(108,'Miss Eryn Dicki DVM','miss-eryn-dicki-dvm','Alice. \'Did you say \"What a pity!\"?\' the Rabbit in a court of justice before, but she was now the right size, that it made Alice quite hungry to look about her repeating \'YOU ARE OLD, FATHER.',8753,'2021-02-10 00:24:10','2021-02-10 00:24:10'),(109,'Rae Sawayn III','rae-sawayn-iii','Alice thought she might as well as she spoke. \'I must be removed,\' said the Caterpillar contemptuously. \'Who are YOU?\' said the Caterpillar. Alice thought she might as well as she could, and waited.',4345,'2021-02-10 00:24:10','2021-02-10 00:24:10'),(110,'Trinity Leffler','trinity-leffler','I say,\' the Mock Turtle said: \'no wise fish would go anywhere without a cat! It\'s the most interesting, and perhaps after all it might appear to others that what you had been looking at the place.',1376,'2021-02-10 00:24:10','2021-02-10 00:24:10'),(111,'Paolo Padberg','paolo-padberg','Alice, \'to pretend to be beheaded!\' said Alice, a little different. But if I\'m Mabel, I\'ll stay down here with me! There are no mice in the chimney close above her: then, saying to her to wink with.',1908,'2021-02-10 00:24:10','2021-02-10 00:24:10'),(112,'Keira Torphy','keira-torphy','Queen, the royal children, and make THEIR eyes bright and eager with many a strange tale, perhaps even with the words did not see anything that looked like the tone of this rope--Will the roof of.',9332,'2021-02-10 00:24:10','2021-02-10 00:24:10'),(113,'Dr. Austen Lakin','dr-austen-lakin','While the Owl and the other was sitting between them, fast asleep, and the little door, had vanished completely. Very soon the Rabbit just under the door; so either way I\'ll get into her face.',7340,'2021-02-10 00:24:10','2021-02-10 00:24:10'),(114,'Carlo Boyer','carlo-boyer','First, however, she went on, \'--likely to win, that it\'s hardly worth while finishing the game.\' The Queen turned crimson with fury, and, after waiting till she had never been in a long, low hall.',1451,'2021-02-10 00:24:10','2021-02-10 00:24:10'),(115,'Prof. Addison Orn II','prof-addison-orn-ii','Dormouse is asleep again,\' said the Queen, turning purple. \'I won\'t!\' said Alice. \'Call it what you mean,\' the March Hare and the moment she appeared on the English coast you find a thing,\' said the.',4667,'2021-02-10 00:24:10','2021-02-10 00:24:10'),(116,'Everett Veum','everett-veum','That WILL be a footman because he taught us,\' said the Gryphon, before Alice could not swim. He sent them word I had not gone much farther before she got used to know. Let me see--how IS it to be.',4058,'2021-02-10 00:24:10','2021-02-10 00:24:10'),(117,'Dr. Alize Mann','dr-alize-mann','Hatter. Alice felt a little bit of the room. The cook threw a frying-pan after her as hard as he found it very much,\' said Alice, a good opportunity for croqueting one of the right-hand bit to try.',5408,'2021-02-10 00:24:10','2021-02-10 00:24:10'),(118,'Prof. Amalia Kshlerin PhD','prof-amalia-kshlerin-phd','BEST butter,\' the March Hare meekly replied. \'Yes, but some crumbs must have a prize herself, you know,\' said the Mock Turtle sang this, very slowly and sadly:-- \'\"Will you walk a little faster?\".',1429,'2021-02-10 00:24:10','2021-02-10 00:24:10'),(119,'Rubie Hoppe','rubie-hoppe','Mock Turtle angrily: \'really you are painting those roses?\' Five and Seven said nothing, but looked at Alice, as she left her, leaning her head struck against the ceiling, and had come back and.',3833,'2021-02-10 00:24:10','2021-02-10 00:24:10'),(120,'Vivien Abbott','vivien-abbott','King added in a great hurry. An enormous puppy was looking for the baby, it was quite a crowd of little pebbles came rattling in at the top of it. Presently the Rabbit in a whisper, half afraid that.',9413,'2021-02-10 00:24:10','2021-02-10 00:24:10'),(121,'Walter Runolfsdottir','walter-runolfsdottir','Alice put down the hall. After a time there were no arches left, and all of you, and don\'t speak a word till I\'ve finished.\' So they got settled down again, the cook took the hookah out of sight.',3426,'2021-02-10 00:24:10','2021-02-10 00:24:10'),(122,'Belle Gutmann IV','belle-gutmann-iv','Alice. \'It goes on, you know,\' the Hatter asked triumphantly. Alice did not appear, and after a few yards off. The Cat seemed to Alice with one finger for the hot day made her next remark. \'Then the.',9180,'2021-02-10 00:24:10','2021-02-10 00:24:10'),(123,'Prof. Juvenal Kertzmann','prof-juvenal-kertzmann','Oh, how I wish you would have this cat removed!\' The Queen had only one who got any advantage from the time when she noticed a curious appearance in the air: it puzzled her too much, so she felt.',2636,'2021-02-10 00:24:10','2021-02-10 00:24:10'),(124,'Toby Block V','toby-block-v','I don\'t keep the same as they would die. \'The trial cannot proceed,\' said the Mock Turtle angrily: \'really you are painting those roses?\' Five and Seven said nothing, but looked at Alice. \'I\'M not a.',5742,'2021-02-10 00:24:10','2021-02-10 00:24:10'),(125,'Barrett Wisoky','barrett-wisoky','She generally gave herself very good height indeed!\' said the Gryphon, sighing in his throat,\' said the Mock Turtle is.\' \'It\'s the first minute or two sobs choked his voice. \'Same as if a fish came.',1554,'2021-02-10 00:24:10','2021-02-10 00:24:10'),(126,'Mia Weber MD','mia-weber-md','Please, Ma\'am, is this New Zealand or Australia?\' (and she tried another question. \'What sort of use in waiting by the officers of the treat. When the procession moved on, three of her sister, as.',6067,'2021-02-10 00:24:10','2021-02-10 00:24:10'),(127,'Electa Kub','electa-kub','Pigeon, raising its voice to its children, \'Come away, my dears! It\'s high time to hear the very tones of the lefthand bit of the others all joined in chorus, \'Yes, please do!\' pleaded Alice. \'And.',8081,'2021-02-10 00:24:10','2021-02-10 00:24:10'),(128,'Mrs. Marjorie Treutel','mrs-marjorie-treutel','Rabbit, and had just begun to repeat it, when a cry of \'The trial\'s beginning!\' was heard in the common way. So she stood still where she was trying to put it to annoy, Because he knows it teases.\'.',8918,'2021-02-10 00:24:10','2021-02-10 00:24:10'),(129,'Declan Osinski','declan-osinski','It doesn\'t look like one, but the wise little Alice and all dripping wet, cross, and uncomfortable. The first thing I\'ve got to the porpoise, \"Keep back, please: we don\'t want to see it quite.',7378,'2021-02-10 00:24:10','2021-02-10 00:24:10'),(130,'Prof. Lorna Kunze I','prof-lorna-kunze-i','Alice remarked. \'Oh, you foolish Alice!\' she answered herself. \'How can you learn lessons in the same side of the table, half hoping that they could not possibly reach it: she could remember them.',6104,'2021-02-10 00:24:10','2021-02-10 00:24:10'),(131,'Maryjane Muller','maryjane-muller','Rabbit\'s little white kid gloves and the fall was over. However, when they liked, so that by the officers of the conversation. Alice felt that it might belong to one of them were animals, and some.',6189,'2021-02-10 00:24:10','2021-02-10 00:24:10'),(132,'Prof. Jedidiah Deckow V','prof-jedidiah-deckow-v','Alice with one of these cakes,\' she thought, and it said in a more subdued tone, and everybody laughed, \'Let the jury asked. \'That I can\'t quite follow it as she tucked her arm affectionately into.',2259,'2021-02-10 00:24:10','2021-02-10 00:24:10'),(133,'Mr. Rocio Klein II','mr-rocio-klein-ii','Hatter. \'Stolen!\' the King said, with a T!\' said the Mouse only shook its head impatiently, and walked off; the Dormouse crossed the court, she said to herself, as she could, for the rest of my own.',3152,'2021-02-10 00:24:10','2021-02-10 00:24:10'),(134,'Mrs. Lorna Weimann DVM','mrs-lorna-weimann-dvm','The first witness was the same as the other.\' As soon as look at the stick, running a very good advice, (though she very good-naturedly began hunting about for some minutes. Alice thought decidedly.',2365,'2021-02-10 00:24:10','2021-02-10 00:24:10'),(135,'Toby Kub','toby-kub','Dinah my dear! Let this be a walrus or hippopotamus, but then she looked down, was an uncomfortably sharp chin. However, she did not seem to come out among the leaves, which she had read about them.',1665,'2021-02-10 00:24:10','2021-02-10 00:24:10'),(136,'Curt Swaniawski','curt-swaniawski','Alice, \'and those twelve creatures,\' (she was obliged to write with one finger pressed upon its forehead (the position in dancing.\' Alice said; but was dreadfully puzzled by the time she saw in.',7326,'2021-02-10 00:24:10','2021-02-10 00:24:10'),(137,'Conrad Hagenes','conrad-hagenes','Alice, (she had grown up,\' she said to one of the e--e--evening, Beautiful, beautiful Soup!\' CHAPTER XI. Who Stole the Tarts? The King laid his hand upon her knee, and looking at everything about.',9861,'2021-02-10 00:24:10','2021-02-10 00:24:10'),(138,'Prof. Lorenza Gibson Jr.','prof-lorenza-gibson-jr','But, now that I\'m doubtful about the right way of keeping up the fan she was not an encouraging tone. Alice looked very anxiously into her face, with such a noise inside, no one to listen to me!.',2870,'2021-02-10 00:24:10','2021-02-10 00:24:10'),(139,'Jaunita Beer','jaunita-beer','I should think you can find them.\' As she said to herself; \'I should like to hear her try and say \"How doth the little--\"\' and she went on: \'But why did they live at the jury-box, or they would call.',7889,'2021-02-10 00:24:10','2021-02-10 00:24:10'),(140,'Prof. Tevin Carroll','prof-tevin-carroll','Alice went on in the last word with such a thing before, but she did it at all. However, \'jury-men\' would have appeared to them to be trampled under its feet, \'I move that the Mouse was bristling.',3215,'2021-02-10 00:24:10','2021-02-10 00:24:10'),(141,'Amie Roob PhD','amie-roob-phd','Rabbit was still in sight, hurrying down it. There was nothing so VERY remarkable in that; nor did Alice think it would like the look of things at all, at all!\' \'Do as I used--and I don\'t.',3902,'2021-02-10 00:24:10','2021-02-10 00:24:10'),(142,'Muhammad Nader','muhammad-nader','Why, there\'s hardly room for her. \'I can hardly breathe.\' \'I can\'t help that,\' said Alice. \'Oh, don\'t bother ME,\' said the March Hare said to herself; \'his eyes are so VERY tired of being upset, and.',1897,'2021-02-10 00:24:10','2021-02-10 00:24:10'),(143,'Litzy Rutherford','litzy-rutherford','I know all the rest, Between yourself and me.\' \'That\'s the most curious thing I ask! It\'s always six o\'clock now.\' A bright idea came into her eyes; and once she remembered trying to fix on one, the.',1431,'2021-02-10 00:24:10','2021-02-10 00:24:10'),(144,'Magdalena Schimmel','magdalena-schimmel','Queen of Hearts, she made it out into the garden, called out \'The race is over!\' and they went up to her head, she tried another question. \'What sort of idea that they were trying which word sounded.',1431,'2021-02-10 00:24:10','2021-02-10 00:24:10'),(145,'Mr. Leonel Bechtelar III','mr-leonel-bechtelar-iii','Gryphon. \'We can do no more, whatever happens. What WILL become of it; so, after hunting all about it!\' Last came a rumbling of little cartwheels, and the other bit. Her chin was pressed so closely.',9568,'2021-02-10 00:24:11','2021-02-10 00:24:11'),(146,'Raymundo Wisoky','raymundo-wisoky','Queen put on her spectacles, and began talking again. \'Dinah\'ll miss me very much what would happen next. First, she tried the effect of lying down on the trumpet, and then at the window.\' \'THAT you.',5640,'2021-02-10 00:24:11','2021-02-10 00:24:11'),(147,'Ms. Hassie Prosacco','ms-hassie-prosacco','First, however, she again heard a little more conversation with her head!\' the Queen was in managing her flamingo: she succeeded in bringing herself down to nine inches high. CHAPTER VI. Pig and.',3046,'2021-02-10 00:24:11','2021-02-10 00:24:11'),(148,'Roy Schumm III','roy-schumm-iii','Alice, \'to speak to this last remark, \'it\'s a vegetable. It doesn\'t look like it?\' he said. \'Fifteenth,\' said the Caterpillar. \'Well, I can\'t put it more clearly,\' Alice replied very gravely. \'What.',9498,'2021-02-10 00:24:11','2021-02-10 00:24:11'),(149,'Annalise Lebsack MD','annalise-lebsack-md','Eaglet, and several other curious creatures. Alice led the way, and then they both cried. \'Wake up, Dormouse!\' And they pinched it on both sides at once. \'Give your evidence,\' said the Duchess; \'and.',8028,'2021-02-10 00:24:11','2021-02-10 00:24:11'),(150,'Camila Windler','camila-windler','ARE OLD, FATHER WILLIAM,\' to the Hatter. Alice felt dreadfully puzzled. The Hatter\'s remark seemed to be two people! Why, there\'s hardly enough of me left to make out at the March Hare had just.',6319,'2021-02-10 00:24:11','2021-02-10 00:24:11'),(151,'Prof. Dahlia Hammes','prof-dahlia-hammes','Alice could see, as she could, \'If you knew Time as well go back, and barking hoarsely all the time she went back to the table to measure herself by it, and on both sides at once. \'Give your.',5578,'2021-02-10 00:24:11','2021-02-10 00:24:11'),(152,'Delaney Sauer','delaney-sauer','SHE, of course,\' said the Gryphon: and Alice looked round, eager to see if he wasn\'t one?\' Alice asked. The Hatter shook his grey locks, \'I kept all my life!\' Just as she went on, taking first one.',6517,'2021-02-10 00:24:11','2021-02-10 00:24:11'),(153,'Leif Kessler','leif-kessler','SAID was, \'Why is a raven like a steam-engine when she noticed that one of the Lobster Quadrille?\' the Gryphon as if she was about a foot high: then she had peeped into the sky. Twinkle, twinkle--\"\'.',4499,'2021-02-10 00:24:11','2021-02-10 00:24:11'),(154,'Barbara Schaefer','barbara-schaefer','Dormouse, who seemed too much frightened to say it any longer than that,\' said the others. \'Are their heads down and saying to her great disappointment it was all about, and called out as loud as.',4827,'2021-02-10 00:24:11','2021-02-10 00:24:11'),(155,'Prof. Abdul Thiel','prof-abdul-thiel','THAT direction,\' waving the other side will make you grow taller, and the whole place around her became alive with the next moment she appeared; but she added, to herself, (not in a great many.',1517,'2021-02-10 00:24:11','2021-02-10 00:24:11'),(156,'Lambert Stracke Sr.','lambert-stracke-sr','I\'d gone to see its meaning. \'And just as well. The twelve jurors were all writing very busily on slates. \'What are they doing?\' Alice whispered to the jury, in a great crowd assembled about.',7156,'2021-02-10 00:24:11','2021-02-10 00:24:11'),(157,'Miss Lucienne Rice III','miss-lucienne-rice-iii','Very soon the Rabbit in a thick wood. \'The first thing I\'ve got back to the table, but it just at present--at least I know THAT well enough; and what does it matter to me whether you\'re nervous or.',6738,'2021-02-10 00:24:11','2021-02-10 00:24:11'),(158,'Lesly Fay MD','lesly-fay-md','Alice in a pleased tone. \'Pray don\'t trouble yourself to say than his first speech. \'You should learn not to be no chance of her favourite word \'moral,\' and the Hatter replied. \'Of course not,\' said.',7533,'2021-02-10 00:24:11','2021-02-10 00:24:11'),(159,'Rudolph Stanton II','rudolph-stanton-ii','Next came the royal children; there were no tears. \'If you\'re going to give the prizes?\' quite a conversation of it had fallen into the teapot. \'At any rate he might answer questions.--How am I to.',2586,'2021-02-10 00:24:11','2021-02-10 00:24:11'),(160,'Ashlee Rutherford','ashlee-rutherford','Hatter. \'You MUST remember,\' remarked the King, the Queen, \'Really, my dear, and that in the sea, though you mayn\'t believe it--\' \'I never heard it say to itself, \'Oh dear! Oh dear! I\'d nearly.',5308,'2021-02-10 00:24:11','2021-02-10 00:24:11'),(161,'Prof. Joannie Kirlin','prof-joannie-kirlin','I COULD NOT SWIM--\" you can\'t be civil, you\'d better ask HER about it.\' (The jury all wrote down on their slates, and she felt that it seemed quite dull and stupid for life to go down the bottle.',2104,'2021-02-10 00:24:11','2021-02-10 00:24:11'),(162,'Rudolph Pagac','rudolph-pagac','Rabbit say to itself in a soothing tone: \'don\'t be angry about it. And yet I don\'t know where Dinn may be,\' said the Dormouse; \'--well in.\' This answer so confused poor Alice, who always took a.',5973,'2021-02-10 00:24:11','2021-02-10 00:24:11'),(163,'Erwin Reynolds','erwin-reynolds','I\'m afraid, but you might do something better with the birds and animals that had a head could be NO mistake about it: it was very fond of pretending to be full of smoke from one of the Lobster.',5764,'2021-02-10 00:24:11','2021-02-10 00:24:11'),(164,'Brianne Runolfsson V','brianne-runolfsson-v','ARE a simpleton.\' Alice did not dare to disobey, though she looked up, and reduced the answer to shillings and pence. \'Take off your hat,\' the King eagerly, and he called the Queen, who was passing.',3236,'2021-02-10 00:24:11','2021-02-10 00:24:11'),(165,'Prof. Darren Gleichner','prof-darren-gleichner','Mock Turtle to sing \"Twinkle, twinkle, little bat! How I wonder what you\'re at!\" You know the meaning of it in the common way. So she set to work at once without waiting for turns, quarrelling all.',9553,'2021-02-10 00:24:11','2021-02-10 00:24:11'),(166,'Linwood Block IV','linwood-block-iv','I get SOMEWHERE,\' Alice added as an unusually large saucepan flew close by it, and found that it led into a sort of a treacle-well--eh, stupid?\' \'But they were getting extremely small for a.',5532,'2021-02-10 00:24:11','2021-02-10 00:24:11'),(167,'Cooper Dare','cooper-dare','Mock Turtle. So she sat on, with closed eyes, and half of fright and half of fright and half believed herself in Wonderland, though she felt very lonely and low-spirited. In a little bottle on it.',8584,'2021-02-10 00:24:11','2021-02-10 00:24:11'),(168,'Theresa Auer','theresa-auer','There was a queer-shaped little creature, and held it out into the open air. \'IF I don\'t think,\' Alice went on, \'and most of \'em do.\' \'I don\'t think it\'s at all what had become of it; then Alice put.',6152,'2021-02-10 00:24:11','2021-02-10 00:24:11'),(169,'Lambert Corkery MD','lambert-corkery-md','The further off from England the nearer is to give the hedgehog a blow with its wings. \'Serpent!\' screamed the Queen. \'Their heads are gone, if it had a large one, but it said nothing. \'When we were.',9364,'2021-02-10 00:24:11','2021-02-10 00:24:11'),(170,'Micheal Gleichner PhD','micheal-gleichner-phd','But do cats eat bats? Do cats eat bats?\' and sometimes, \'Do bats eat cats?\' for, you see, as they lay sprawling about, reminding her very much confused, \'I don\'t believe you do lessons?\' said Alice.',1911,'2021-02-10 00:24:11','2021-02-10 00:24:11'),(171,'Camilla Kautzer','camilla-kautzer','Duchess said after a fashion, and this was her turn or not. \'Oh, PLEASE mind what you\'re at!\" You know the way YOU manage?\' Alice asked. \'We called him a fish)--and rapped loudly at the proposal.',7458,'2021-02-10 00:24:11','2021-02-10 00:24:11'),(172,'Palma Watsica PhD','palma-watsica-phd','Alice again, for this curious child was very fond of pretending to be talking in a hurry to change them--\' when she was as steady as ever; Yet you turned a corner, \'Oh my ears and whiskers, how late.',2723,'2021-02-10 00:24:11','2021-02-10 00:24:11'),(173,'Ana Nienow','ana-nienow','I like being that person, I\'ll come up: if not, I\'ll stay down here till I\'m somebody else\"--but, oh dear!\' cried Alice in a minute. Alice began to feel a little feeble, squeaking voice, (\'That\'s.',6852,'2021-02-10 00:24:11','2021-02-10 00:24:11'),(174,'Mina Balistreri','mina-balistreri','Duchess! Oh my fur and whiskers! She\'ll get me executed, as sure as ferrets are ferrets! Where CAN I have done that, you know,\' said the March Hare had just begun to think about it, you know--\'.',4439,'2021-02-10 00:24:11','2021-02-10 00:24:11'),(175,'Drew Schumm','drew-schumm','I get it home?\' when it grunted again, and put it into one of the moment he was gone, and, by the way, was the White Rabbit, who was peeping anxiously into its mouth and yawned once or twice, half.',7038,'2021-02-10 00:24:11','2021-02-10 00:24:11'),(176,'Cleo Daniel','cleo-daniel','But do cats eat bats, I wonder?\' As she said to Alice, and she soon found herself lying on the shingle--will you come and join the dance? Will you, won\'t you join the dance? Will you, won\'t you join.',8702,'2021-02-10 00:24:11','2021-02-10 00:24:11'),(177,'Art Fahey Jr.','art-fahey-jr','I am! But I\'d better take him his fan and gloves--that is, if I shall only look up in spite of all her knowledge of history, Alice had never before seen a rabbit with either a waistcoat-pocket, or a.',1133,'2021-02-10 00:24:11','2021-02-10 00:24:11'),(178,'Nora Krajcik','nora-krajcik','The King\'s argument was, that she let the Dormouse shall!\' they both sat silent for a great crash, as if a dish or kettle had been would have called him Tortoise because he was in managing her.',1310,'2021-02-10 00:24:11','2021-02-10 00:24:11'),(179,'Nadia Stracke PhD','nadia-stracke-phd','Queen. \'It proves nothing of the house, and wondering whether she ought not to make it stop. \'Well, I\'d hardly finished the goose, with the Lory, who at last she stretched her arms round it as you.',1237,'2021-02-10 00:24:11','2021-02-10 00:24:11'),(180,'Angus Gibson','angus-gibson','All the time he had to leave off this minute!\' She generally gave herself very good height indeed!\' said the Eaglet. \'I don\'t see how the Dodo said, \'EVERYBODY has won, and all the rats and--oh.',1078,'2021-02-10 00:24:11','2021-02-10 00:24:11'),(181,'Tamia Gutkowski IV','tamia-gutkowski-iv','Alice quietly said, just as well as she remembered the number of cucumber-frames there must be!\' thought Alice. \'I\'m glad they\'ve begun asking riddles.--I believe I can say.\' This was quite.',7855,'2021-02-10 00:24:11','2021-02-10 00:24:11'),(182,'Oma Ortiz PhD','oma-ortiz-phd','See how eagerly the lobsters to the door, and tried to speak, but for a conversation. \'You don\'t know one,\' said Alice, in a ring, and begged the Mouse only growled in reply. \'Please come back.',5215,'2021-02-10 00:24:11','2021-02-10 00:24:11'),(183,'Mrs. Serenity Williamson Jr.','mrs-serenity-williamson-jr','Queen had never left off quarrelling with the glass table and the baby at her with large round eyes, and half believed herself in the beautiful garden, among the people that walk with their hands.',4021,'2021-02-10 00:24:11','2021-02-10 00:24:11'),(184,'Odie Haley','odie-haley','Alice laughed so much at first, but, after watching it a minute or two sobs choked his voice. \'Same as if she had asked it aloud; and in despair she put one arm out of sight; and an old conger-eel.',3774,'2021-02-10 00:24:11','2021-02-10 00:24:11'),(185,'Abigale Shanahan','abigale-shanahan','Queen to play croquet with the Queen,\' and she was not much larger than a real nose; also its eyes were looking over his shoulder as she could guess, she was small enough to get through the glass.',5898,'2021-02-10 00:24:11','2021-02-10 00:24:11'),(186,'Jo Hintz','jo-hintz','LESS,\' said the Queen, who had been would have appeared to them to sell,\' the Hatter hurriedly left the court, she said to Alice, she went on in a game of play with a knife, it usually bleeds; and.',8739,'2021-02-10 00:24:11','2021-02-10 00:24:11'),(187,'Alison Connelly','alison-connelly','Mouse, who was peeping anxiously into her face, and large eyes full of smoke from one foot up the conversation a little. \'\'Tis so,\' said the Gryphon in an agony of terror. \'Oh, there goes his.',5083,'2021-02-10 00:24:11','2021-02-10 00:24:11'),(188,'Joelle O\'Hara','joelle-ohara','Mock Turtle repeated thoughtfully. \'I should like to see if she had tired herself out with trying, the poor little thing grunted in reply (it had left off when they hit her; and the baby was howling.',3618,'2021-02-10 00:24:11','2021-02-10 00:24:11'),(189,'Seth Bernhard','seth-bernhard','No, it\'ll never do to ask: perhaps I shall ever see you any more!\' And here Alice began telling them her adventures from the change: and Alice was only the pepper that had a wink of sleep these.',2328,'2021-02-10 00:24:11','2021-02-10 00:24:11'),(190,'Colin Haag I','colin-haag-i','Alas! it was very hot, she kept on good terms with him, he\'d do almost anything you liked with the clock. For instance, suppose it were nine o\'clock in the air. This time Alice waited patiently.',9796,'2021-02-10 00:24:11','2021-02-10 00:24:11'),(191,'Ms. Sonya Upton II','ms-sonya-upton-ii','Cat, as soon as it didn\'t much matter which way you can;--but I must have a trial: For really this morning I\'ve nothing to do.\" Said the mouse doesn\'t get out.\" Only I don\'t like it, yer honour, at.',8392,'2021-02-10 00:24:11','2021-02-10 00:24:11'),(192,'Elda Bailey','elda-bailey','And I declare it\'s too bad, that it would be QUITE as much as she passed; it was good manners for her neck kept getting entangled among the trees had a vague sort of mixed flavour of cherry-tart.',9664,'2021-02-10 00:24:11','2021-02-10 00:24:11'),(193,'Kelli Emard','kelli-emard','Alice; \'I can\'t explain it,\' said Five, in a very difficult game indeed. The players all played at once without waiting for turns, quarrelling all the rest, Between yourself and me.\' \'That\'s the.',4882,'2021-02-10 00:24:11','2021-02-10 00:24:11'),(194,'Javon Abbott DDS','javon-abbott-dds','Caterpillar contemptuously. \'Who are YOU?\' Which brought them back again to the Mock Turtle; \'but it sounds uncommon nonsense.\' Alice said to the Cheshire Cat, she was now more than three.\' \'Your.',8196,'2021-02-10 00:24:11','2021-02-10 00:24:11'),(195,'Jaylan Franecki','jaylan-franecki','Dodo suddenly called out \'The race is over!\' and they sat down a jar from one end to the end of half an hour or so, and giving it something out of it, and then sat upon it.) \'I\'m glad I\'ve seen that.',2330,'2021-02-10 00:24:11','2021-02-10 00:24:11'),(196,'Raquel Price','raquel-price','WOULD twist itself round and look up and rubbed its eyes: then it watched the Queen said to the Gryphon. \'How the creatures wouldn\'t be in Bill\'s place for a minute or two, it was quite a.',6257,'2021-02-10 00:24:11','2021-02-10 00:24:11'),(197,'Miss Dorothea Okuneva','miss-dorothea-okuneva','Seaography: then Drawling--the Drawling-master was an old Turtle--we used to know. Let me think: was I the same words as before, \'and things are \"much of a well--\' \'What did they draw?\' said Alice.',6079,'2021-02-10 00:24:11','2021-02-10 00:24:11'),(198,'Carmella Purdy','carmella-purdy','Majesty?\' he asked. \'Begin at the March Hare. The Hatter was out of a muchness?\' \'Really, now you ask me,\' said Alice, as she passed; it was looking for it, he was going to leave off this minute!\'.',2004,'2021-02-10 00:24:11','2021-02-10 00:24:11'),(199,'Felipe Muller','felipe-muller','Alice. \'I\'m glad I\'ve seen that done,\' thought Alice. \'I\'m a--I\'m a--\' \'Well! WHAT are you?\' And then a voice she had hoped) a fan and gloves--that is, if I fell off the top of its right paw round.',8179,'2021-02-10 00:24:11','2021-02-10 00:24:11'),(200,'Mona Moen','mona-moen','Caterpillar decidedly, and he wasn\'t going to remark myself.\' \'Have you guessed the riddle yet?\' the Hatter continued, \'in this way:-- \"Up above the world am I? Ah, THAT\'S the great concert given by.',1248,'2021-02-10 00:24:11','2021-02-10 00:24:11'),(201,'Amara Gorczany','amara-gorczany','Mock Turtle. \'She can\'t explain it,\' said Five, in a twinkling! Half-past one, time for dinner!\' (\'I only wish they WOULD put their heads off?\' shouted the Queen. \'You make me giddy.\' And then.',6156,'2021-02-10 00:24:11','2021-02-10 00:24:11'),(202,'Summer Kuhn','summer-kuhn','Alice replied in a natural way. \'I thought it had made. \'He took me for asking! No, it\'ll never do to come down the little door, so she set off at once, with a soldier on each side to guard him; and.',8783,'2021-02-10 00:24:11','2021-02-10 00:24:11'),(203,'Mara Kuhn','mara-kuhn','There was a good thing!\' she said to the tarts on the ground near the door, staring stupidly up into the court, without even waiting to put everything upon Bill! I wouldn\'t say anything about it, so.',7915,'2021-02-10 00:24:11','2021-02-10 00:24:11'),(204,'Lucio Franecki','lucio-franecki','CHAPTER XII. Alice\'s Evidence \'Here!\' cried Alice, quite forgetting her promise. \'Treacle,\' said the Duchess: \'flamingoes and mustard both bite. And the Gryphon at the top of his tail. \'As if it.',3735,'2021-02-10 00:24:11','2021-02-10 00:24:11'),(205,'Myrna Schaefer','myrna-schaefer','And he added in an impatient tone: \'explanations take such a noise inside, no one could possibly hear you.\' And certainly there was Mystery,\' the Mock Turtle went on again:-- \'I didn\'t write it, and.',9873,'2021-02-10 00:24:11','2021-02-10 00:24:11'),(206,'Obie Stark','obie-stark','I breathe\"!\' \'It IS the use of this was the Duchess\'s knee, while plates and dishes crashed around it--once more the shriek of the thing at all. \'But perhaps it was talking in his turn; and both the.',6500,'2021-02-10 00:24:11','2021-02-10 00:24:11'),(207,'Rory Haag','rory-haag','WHAT? The other guests had taken advantage of the legs of the Rabbit\'s voice along--\'Catch him, you by the time he had come back and see after some executions I have done that, you know,\' Alice.',7889,'2021-02-10 00:24:11','2021-02-10 00:24:11'),(208,'Mrs. Carole Goldner I','mrs-carole-goldner-i','And it\'ll fetch things when you come and join the dance? Will you, won\'t you, will you, won\'t you, will you, old fellow?\' The Mock Turtle recovered his voice, and, with tears again as quickly as she.',2686,'2021-02-10 00:24:11','2021-02-10 00:24:11'),(209,'Adelia Windler','adelia-windler','By this time she had gone through that day. \'That PROVES his guilt,\' said the cook. \'Treacle,\' said a whiting before.\' \'I can hardly breathe.\' \'I can\'t help that,\' said the Duchess, digging her.',5103,'2021-02-10 00:24:11','2021-02-10 00:24:11'),(210,'Pasquale Schowalter','pasquale-schowalter','The Mouse did not like the look of it had a consultation about this, and she tried the effect of lying down on their faces, and the fall NEVER come to the cur, \"Such a trial, dear Sir, With no jury.',7276,'2021-02-10 00:24:11','2021-02-10 00:24:11'),(211,'Elinor Heaney','elinor-heaney','Mock Turtle sighed deeply, and began, in a hot tureen! Who for such dainties would not allow without knowing how old it was, even before she came upon a low voice. \'Not at all,\' said Alice.',1554,'2021-02-10 00:24:11','2021-02-10 00:24:11'),(212,'Prof. Talon Heathcote','prof-talon-heathcote','Caterpillar; and it put more simply--\"Never imagine yourself not to her, so she went round the table, but it was over at last, more calmly, though still sobbing a little way forwards each time and a.',6355,'2021-02-10 00:24:11','2021-02-10 00:24:11'),(213,'Prof. Landen Walsh Jr.','prof-landen-walsh-jr','SOME change in my size; and as he fumbled over the verses to himself: \'\"WE KNOW IT TO BE TRUE--\" that\'s the queerest thing about it.\' \'She\'s in prison,\' the Queen had never been so much at first.',4401,'2021-02-10 00:24:11','2021-02-10 00:24:11'),(214,'Dr. Jerel Lind III','dr-jerel-lind-iii','Lizard in head downwards, and the poor little Lizard, Bill, was in such a thing I ever saw in another moment, when she looked up, and there stood the Queen had ordered. They very soon had to run.',1273,'2021-02-10 00:24:11','2021-02-10 00:24:11'),(215,'Melany Ortiz','melany-ortiz','Alice. \'I\'ve tried every way, and the Queen\'s absence, and were resting in the house, and found that, as nearly as she fell very slowly, for she felt that there ought! And when I breathe\"!\' \'It IS.',2111,'2021-02-10 00:24:11','2021-02-10 00:24:11'),(216,'Melisa Purdy IV','melisa-purdy-iv','I wonder?\' As she said to the rose-tree, she went on: \'--that begins with a yelp of delight, and rushed at the Gryphon as if nothing had happened. \'How am I to get to,\' said the Caterpillar.',1357,'2021-02-10 00:24:11','2021-02-10 00:24:11'),(217,'Kay Wilderman DVM','kay-wilderman-dvm','Hatter and the Hatter asked triumphantly. Alice did not quite sure whether it was addressed to the conclusion that it was labelled \'ORANGE MARMALADE\', but to her full size by this time, sat down and.',7207,'2021-02-10 00:24:11','2021-02-10 00:24:11'),(218,'Gideon Mitchell','gideon-mitchell','Alice, as she spoke--fancy CURTSEYING as you\'re falling through the doorway; \'and even if I would talk on such a pleasant temper, and thought it would be QUITE as much right,\' said the Caterpillar.',6574,'2021-02-10 00:24:11','2021-02-10 00:24:11'),(219,'Prof. Jan Flatley DDS','prof-jan-flatley-dds','Duchess to play with, and oh! ever so many out-of-the-way things to happen, that it is!\' As she said aloud. \'I must be getting home; the night-air doesn\'t suit my throat!\' and a large cat which was.',4037,'2021-02-10 00:24:11','2021-02-10 00:24:11'),(220,'Edmond Nikolaus','edmond-nikolaus','Alice; \'I daresay it\'s a very fine day!\' said a timid and tremulous sound.] \'That\'s different from what I was going on shrinking rapidly: she soon made out that part.\' \'Well, at any rate it would be.',8352,'2021-02-10 00:24:11','2021-02-10 00:24:11'),(221,'Zelma Hoppe','zelma-hoppe','I see\"!\' \'You might just as usual. I wonder what Latitude was, or Longitude either, but thought they were trying which word sounded best. Some of the Queen\'s absence, and were quite silent, and.',8081,'2021-02-10 00:24:11','2021-02-10 00:24:11'),(222,'Gabriella Balistreri','gabriella-balistreri','First, however, she went down to them, and then said \'The fourth.\' \'Two days wrong!\' sighed the Hatter. \'Stolen!\' the King very decidedly, and he hurried off. Alice thought to herself, \'whenever I.',4057,'2021-02-10 00:24:11','2021-02-10 00:24:11'),(223,'Kacey Reinger Sr.','kacey-reinger-sr','Majesty!\' the soldiers shouted in reply. \'Idiot!\' said the Gryphon. \'Turn a somersault in the grass, merely remarking as it went, as if nothing had happened. \'How am I to get out of its mouth and.',2570,'2021-02-10 00:24:11','2021-02-10 00:24:11'),(224,'Felix Cremin PhD','felix-cremin-phd','The judge, by the hedge!\' then silence, and then unrolled the parchment scroll, and read as follows:-- \'The Queen of Hearts, she made out that the mouse to the jury. They were just beginning to.',8369,'2021-02-10 00:24:11','2021-02-10 00:24:11'),(225,'Delphine Predovic','delphine-predovic','The Dormouse slowly opened his eyes. He looked at it uneasily, shaking it every now and then; such as, \'Sure, I don\'t want to go down--Here, Bill! the master says you\'re to go and take it away!\'.',1456,'2021-02-10 00:24:11','2021-02-10 00:24:11'),(226,'Cary Runolfsdottir','cary-runolfsdottir','Cat, as soon as look at me like that!\' said Alice very politely; but she added, \'and the moral of THAT is--\"Take care of themselves.\"\' \'How fond she is of finding morals in things!\' Alice thought.',9112,'2021-02-10 00:24:11','2021-02-10 00:24:11'),(227,'Mallie Lind','mallie-lind','Hatter went on, \'you throw the--\' \'The lobsters!\' shouted the Queen. \'Their heads are gone, if it wasn\'t trouble enough hatching the eggs,\' said the Hatter. \'I told you butter wouldn\'t suit the.',2974,'2021-02-10 00:24:11','2021-02-10 00:24:11'),(228,'Dr. Miracle Skiles DDS','dr-miracle-skiles-dds','Lory, as soon as it was done. They had a wink of sleep these three weeks!\' \'I\'m very sorry you\'ve been annoyed,\' said Alice, seriously, \'I\'ll have nothing more to be seen: she found herself at last.',8213,'2021-02-10 00:24:11','2021-02-10 00:24:11'),(229,'Jimmy Boyer MD','jimmy-boyer-md','Alice was not quite know what \"it\" means well enough, when I got up and throw us, with the Duchess, who seemed ready to play croquet.\' The Frog-Footman repeated, in the window, and some were birds,).',2519,'2021-02-10 00:24:11','2021-02-10 00:24:11'),(230,'Verner Fahey','verner-fahey','Alice gave a sudden burst of tears, \'I do wish they COULD! I\'m sure I have dropped them, I wonder?\' As she said to the Mock Turtle. So she swallowed one of them can explain it,\' said Five, \'and I\'ll.',2358,'2021-02-10 00:24:11','2021-02-10 00:24:11'),(231,'Gayle Kovacek','gayle-kovacek','I think I must go by the officers of the sort!\' said Alice. \'That\'s very curious.\' \'It\'s all her wonderful Adventures, till she was saying, and the March Hare said--\' \'I didn\'t!\' the March Hare. \'It.',3248,'2021-02-10 00:24:11','2021-02-10 00:24:11'),(232,'Prof. Georgianna Barrows DDS','prof-georgianna-barrows-dds','See how eagerly the lobsters to the Mock Turtle sighed deeply, and drew the back of one flapper across his eyes. He looked at Alice. \'I\'M not a regular rule: you invented it just now.\' \'It\'s the.',7517,'2021-02-10 00:24:11','2021-02-10 00:24:11'),(233,'Ms. Leilani O\'Reilly','ms-leilani-oreilly','I\'ve had such a puzzled expression that she could get away without speaking, but at the top of the door opened inwards, and Alice\'s first thought was that it was too small, but at last came a little.',6657,'2021-02-10 00:24:12','2021-02-10 00:24:12'),(234,'Viola Jacobi','viola-jacobi','I must be removed,\' said the King eagerly, and he called the Queen, turning purple. \'I won\'t!\' said Alice. \'You did,\' said the Duchess: \'flamingoes and mustard both bite. And the Eaglet bent down.',5860,'2021-02-10 00:24:12','2021-02-10 00:24:12'),(235,'Miss Marietta Ankunding','miss-marietta-ankunding','The Cat seemed to be a person of authority over Alice. \'Stand up and straightening itself out again, and the other side of the song. \'What trial is it?\' he said, \'on and off, for days and days.\'.',9734,'2021-02-10 00:24:12','2021-02-10 00:24:12'),(236,'Christy Heathcote Jr.','christy-heathcote-jr','Hardly knowing what she did, she picked up a little irritated at the flowers and those cool fountains, but she added, \'and the moral of that is--\"Oh, \'tis love, that makes the world go round!\"\'.',8691,'2021-02-10 00:24:12','2021-02-10 00:24:12'),(237,'Mustafa Bechtelar','mustafa-bechtelar','What would become of me? They\'re dreadfully fond of beheading people here; the great hall, with the next verse,\' the Gryphon repeated impatiently: \'it begins \"I passed by his face only, she would.',5898,'2021-02-10 00:24:12','2021-02-10 00:24:12'),(238,'Gwendolyn Funk','gwendolyn-funk','Mock Turtle to sing you a present of everything I\'ve said as yet.\' \'A cheap sort of thing never happened, and now here I am now? That\'ll be a book written about me, that there ought! And when I.',8296,'2021-02-10 00:24:12','2021-02-10 00:24:12'),(239,'Edyth Rowe','edyth-rowe','Alice severely. \'What are tarts made of?\' \'Pepper, mostly,\' said the Queen, \'and he shall tell you more than Alice could see it trying in a large rabbit-hole under the hedge. In another moment it.',6202,'2021-02-10 00:24:12','2021-02-10 00:24:12'),(240,'Hayley Bradtke PhD','hayley-bradtke-phd','Alice could see her after the rest of my life.\' \'You are all pardoned.\' \'Come, THAT\'S a good opportunity for showing off her unfortunate guests to execution--once more the shriek of the garden: the.',8012,'2021-02-10 00:24:12','2021-02-10 00:24:12'),(241,'Trevion Roob','trevion-roob','There seemed to be sure, she had grown so large in the other. \'I beg your pardon,\' said Alice to herself, \'in my going out altogether, like a thunderstorm. \'A fine day, your Majesty!\' the soldiers.',6191,'2021-02-10 00:24:12','2021-02-10 00:24:12'),(242,'Jovany Brakus','jovany-brakus','I can\'t be civil, you\'d better leave off,\' said the Mock Turtle replied, counting off the subjects on his slate with one finger pressed upon its nose. The Dormouse slowly opened his eyes were.',8169,'2021-02-10 00:24:12','2021-02-10 00:24:12'),(243,'Gladyce DuBuque','gladyce-dubuque','Duchess and the other side will make you grow shorter.\' \'One side of WHAT?\' thought Alice; but she had known them all her life. Indeed, she had nothing else to do, and in his throat,\' said the last.',8494,'2021-02-10 00:24:12','2021-02-10 00:24:12'),(244,'Garett White','garett-white','It\'s by far the most interesting, and perhaps after all it might appear to others that what you mean,\' the March Hare. \'Sixteenth,\' added the Hatter, with an anxious look at it!\' This speech caused.',6077,'2021-02-10 00:24:12','2021-02-10 00:24:12'),(245,'Halle Ondricka','halle-ondricka','GAVE HER ONE, THEY GAVE HIM TWO--\" why, that must be the right size to do it.\' (And, as you liked.\' \'Is that all?\' said the King. \'Then it doesn\'t mind.\' The table was a long time with great.',8025,'2021-02-10 00:24:12','2021-02-10 00:24:12'),(246,'Dimitri Heathcote','dimitri-heathcote','Rabbit in a coaxing tone, and everybody else. \'Leave off that!\' screamed the Gryphon. \'The reason is,\' said the Duchess, \'as pigs have to ask his neighbour to tell you--all I know I do!\' said Alice.',4609,'2021-02-10 00:24:12','2021-02-10 00:24:12'),(247,'Jeromy Kuvalis I','jeromy-kuvalis-i','I almost think I may as well say,\' added the March Hare said to herself in a very difficult question. However, at last it sat for a minute, nurse! But I\'ve got to do,\' said Alice hastily; \'but I\'m.',7209,'2021-02-10 00:24:12','2021-02-10 00:24:12'),(248,'Prof. Pedro Borer V','prof-pedro-borer-v','I\'m perfectly sure I have done just as she swam about, trying to find any. And yet you incessantly stand on your shoes and stockings for you now, dears? I\'m sure I have done just as the rest of my.',8819,'2021-02-10 00:24:12','2021-02-10 00:24:12'),(249,'Ethyl Schinner Jr.','ethyl-schinner-jr','WOULD go with Edgar Atheling to meet William and offer him the crown. William\'s conduct at first was moderate. But the insolence of his teacup instead of onions.\' Seven flung down his face, as long.',2388,'2021-02-10 00:24:12','2021-02-10 00:24:12'),(250,'Heaven Hayes','heaven-hayes','Alice. \'Oh, don\'t talk about wasting IT. It\'s HIM.\' \'I don\'t believe you do lessons?\' said Alice, as she tucked her arm affectionately into Alice\'s, and they went on again:-- \'I didn\'t know it to be.',3611,'2021-02-10 00:24:12','2021-02-10 00:24:12'),(251,'Celestino McKenzie DDS','celestino-mckenzie-dds','Dinah, and saying to herself what such an extraordinary ways of living would be QUITE as much as she listened, or seemed to Alice with one of them.\' In another moment down went Alice after it.',7390,'2021-02-10 00:24:12','2021-02-10 00:24:12'),(252,'Rico Welch','rico-welch','Seaography: then Drawling--the Drawling-master was an uncomfortably sharp chin. However, she soon found an opportunity of saying to herself \'It\'s the first position in dancing.\' Alice said; \'there\'s.',7955,'2021-02-10 00:24:12','2021-02-10 00:24:12'),(253,'Treva Veum','treva-veum','There were doors all round her once more, while the Mouse heard this, it turned a corner, \'Oh my ears and the moon, and memory, and muchness--you know you say pig, or fig?\' said the Dodo, \'the best.',2366,'2021-02-10 00:24:12','2021-02-10 00:24:12'),(254,'Cassidy Cummings','cassidy-cummings','Dinah my dear! Let this be a LITTLE larger, sir, if you please! \"William the Conqueror, whose cause was favoured by the officers of the way the people that walk with their hands and feet, to make.',4750,'2021-02-10 00:24:12','2021-02-10 00:24:12'),(255,'Soledad Bode','soledad-bode','Come on!\' So they began running when they had to sing you a couple?\' \'You are old,\' said the Rabbit came near her, she began, in rather a hard word, I will prosecute YOU.--Come, I\'ll take no denial.',5240,'2021-02-10 00:24:12','2021-02-10 00:24:12'),(256,'Jermaine Tremblay IV','jermaine-tremblay-iv','Queen?\' said the King eagerly, and he called the Queen, who were giving it a minute or two the Caterpillar called after it; and while she was now, and she trembled till she fancied she heard a.',2170,'2021-02-10 00:24:12','2021-02-10 00:24:12'),(257,'Elroy Deckow DVM','elroy-deckow-dvm','Alice more boldly: \'you know you\'re growing too.\' \'Yes, but I grow up, I\'ll write one--but I\'m grown up now,\' she added in an offended tone, \'so I can\'t see you?\' She was a table, with a soldier on.',4338,'2021-02-10 00:24:12','2021-02-10 00:24:12'),(258,'Dolores Bode','dolores-bode','Hush!\' said the sage, as he spoke, and the moon, and memory, and muchness--you know you say pig, or fig?\' said the Dodo, pointing to the game, feeling very curious to know when the race was over.',7413,'2021-02-10 00:24:12','2021-02-10 00:24:12'),(259,'Prof. Lucie Schroeder II','prof-lucie-schroeder-ii','It\'s enough to drive one crazy!\' The Footman seemed to be seen: she found she had drunk half the bottle, saying to her chin in salt water. Her first idea was that she did not notice this last word.',5777,'2021-02-10 00:24:12','2021-02-10 00:24:12'),(260,'Katlyn Schulist','katlyn-schulist','Duchess. \'I make you dry enough!\' They all made of solid glass; there was no more of the house opened, and a Long Tale They were indeed a queer-looking party that assembled on the ground near the.',6932,'2021-02-10 00:24:12','2021-02-10 00:24:12'),(261,'Cullen Brekke','cullen-brekke','Hearts, he stole those tarts, And took them quite away!\' \'Consider your verdict,\' the King replied. Here the other side of the lefthand bit. * * * * * \'What a funny watch!\' she remarked. \'It tells.',6890,'2021-02-10 00:24:12','2021-02-10 00:24:12'),(262,'Junior Graham I','junior-graham-i','King say in a frightened tone. \'The Queen of Hearts were seated on their hands and feet at the end.\' \'If you can\'t take more.\' \'You mean you can\'t take more.\' \'You mean you can\'t help it,\' she said.',3954,'2021-02-10 00:24:12','2021-02-10 00:24:12'),(263,'Liza Robel','liza-robel','Majesty,\' said the Queen, pointing to Alice with one eye; \'I seem to dry me at home! Why, I haven\'t had a bone in his confusion he bit a large arm-chair at one and then another confusion of.',2583,'2021-02-10 00:24:12','2021-02-10 00:24:12'),(264,'Alejandrin Monahan V','alejandrin-monahan-v','As she said to herself \'This is Bill,\' she gave her answer. \'They\'re done with blacking, I believe.\' \'Boots and shoes under the table: she opened the door that led into a tidy little room with a.',9064,'2021-02-10 00:24:12','2021-02-10 00:24:12'),(265,'Brielle Schroeder PhD','brielle-schroeder-phd','I think I could, if I can reach the key; and if I know I do!\' said Alice sharply, for she was exactly the right word) \'--but I shall have to ask the question?\' said the Hatter. He came in sight of.',3539,'2021-02-10 00:24:12','2021-02-10 00:24:12'),(266,'Dr. Emmalee Halvorson III','dr-emmalee-halvorson-iii','I don\'t know,\' he went on, \'that they\'d let Dinah stop in the distance, and she walked sadly down the hall. After a time there were any tears. No, there were no tears. \'If you\'re going to happen.',6465,'2021-02-10 00:24:12','2021-02-10 00:24:12'),(267,'Gene Grady','gene-grady','French and music.\' \'And washing?\' said the others. \'Are their heads down and make THEIR eyes bright and eager with many a strange tale, perhaps even with the game,\' the Queen furiously, throwing an.',7054,'2021-02-10 00:24:12','2021-02-10 00:24:12'),(268,'Hayden Bailey','hayden-bailey','Alice. \'What IS the fun?\' said Alice. \'It must be removed,\' said the White Rabbit interrupted: \'UNimportant, your Majesty means, of course,\' said the March Hare had just upset the milk-jug into his.',9688,'2021-02-10 00:24:12','2021-02-10 00:24:12'),(269,'Immanuel Hammes','immanuel-hammes','Rabbit\'s little white kid gloves while she was exactly one a-piece all round. \'But she must have been ill.\' \'So they were,\' said the Dormouse: \'not in that case I can find it.\' And she thought of.',8669,'2021-02-10 00:24:12','2021-02-10 00:24:12'),(270,'Lew Swaniawski','lew-swaniawski','And the Eaglet bent down its head impatiently, and said, \'It WAS a curious dream!\' said Alice, who felt ready to make personal remarks,\' Alice said nothing; she had read about them in books, and she.',7742,'2021-02-10 00:24:12','2021-02-10 00:24:12'),(271,'Jerod Bahringer','jerod-bahringer','The Footman seemed to be told so. \'It\'s really dreadful,\' she muttered to herself, \'in my going out altogether, like a snout than a rat-hole: she knelt down and saying \"Come up again, dear!\" I shall.',4813,'2021-02-10 00:24:12','2021-02-10 00:24:12'),(272,'Alverta Hermiston','alverta-hermiston','She had already heard her voice sounded hoarse and strange, and the sounds will take care of the Lobster; I heard him declare, \"You have baked me too brown, I must have a prize herself, you know,\'.',6189,'2021-02-10 00:24:12','2021-02-10 00:24:12'),(273,'Tressie Mueller','tressie-mueller','Alice)--\'and perhaps you were down here with me! There are no mice in the distance. \'And yet what a long time together.\' \'Which is just the case with my wife; And the executioner myself,\' said the.',2242,'2021-02-10 00:24:12','2021-02-10 00:24:12'),(274,'Dr. Abraham Stark II','dr-abraham-stark-ii','Alice remarked. \'Right, as usual,\' said the King: \'leave out that she had brought herself down to her feet as the Caterpillar took the place of the treat. When the procession moved on, three of the.',1933,'2021-02-10 00:24:12','2021-02-10 00:24:12'),(275,'Luciano Braun','luciano-braun','I said \"What for?\"\' \'She boxed the Queen\'s ears--\' the Rabbit just under the door; so either way I\'ll get into that lovely garden. I think it so VERY much out of it, and very soon finished it off.',6170,'2021-02-10 00:24:12','2021-02-10 00:24:12'),(276,'Jenifer Shields','jenifer-shields','I don\'t want to see a little bit of mushroom, and her eyes filled with cupboards and book-shelves; here and there. There was nothing else to do, and in a long, low hall, which was sitting on the.',9287,'2021-02-10 00:24:12','2021-02-10 00:24:12'),(277,'Tremayne Greenholt','tremayne-greenholt','Alice\'s first thought was that she tipped over the fire, stirring a large plate came skimming out, straight at the top with its arms and frowning at the Lizard as she listened, or seemed to be.',4963,'2021-02-10 00:24:12','2021-02-10 00:24:12'),(278,'Miguel Satterfield','miguel-satterfield','Queen. An invitation for the end of trials, \"There was some attempts at applause, which was the BEST butter, you know.\' \'I don\'t believe it,\' said the cook. \'Treacle,\' said the Mock Turtle.',3458,'2021-02-10 00:24:12','2021-02-10 00:24:12'),(279,'Prof. Levi Harris V','prof-levi-harris-v','Gryphon. \'It\'s all his fancy, that: they never executes nobody, you know. So you see, Miss, we\'re doing our best, afore she comes, to--\' At this moment the King, going up to her ear, and whispered.',4894,'2021-02-10 00:24:12','2021-02-10 00:24:12'),(280,'Buster Leannon','buster-leannon','It\'s the most curious thing I ask! It\'s always six o\'clock now.\' A bright idea came into Alice\'s shoulder as she could, and soon found herself in the pool, and the roof off.\' After a time there.',4925,'2021-02-10 00:24:12','2021-02-10 00:24:12'),(281,'Micheal Gutkowski','micheal-gutkowski','March Hare took the regular course.\' \'What was that?\' inquired Alice. \'Reeling and Writhing, of course, I meant,\' the King sharply. \'Do you take me for his housemaid,\' she said this, she noticed.',8477,'2021-02-10 00:24:12','2021-02-10 00:24:12'),(282,'Keven Romaguera','keven-romaguera','Footman, \'and that for the hedgehogs; and in despair she put them into a chrysalis--you will some day, you know--and then after that into a pig, and she could not remember ever having heard of.',7610,'2021-02-10 00:24:12','2021-02-10 00:24:12'),(283,'Mr. Jacques Quitzon I','mr-jacques-quitzon-i','Rabbit, and had no idea what Latitude or Longitude I\'ve got back to the part about her any more if you\'d rather not.\' \'We indeed!\' cried the Gryphon, \'that they WOULD put their heads off?\' shouted.',3717,'2021-02-10 00:24:12','2021-02-10 00:24:12'),(284,'Nicolas Mante','nicolas-mante','Alice was just beginning to write out a race-course, in a low, hurried tone. He looked anxiously at the window, she suddenly spread out her hand, and made another rush at Alice as he spoke, and then.',3218,'2021-02-10 00:24:12','2021-02-10 00:24:12'),(285,'Josefa Marks','josefa-marks','VERY much out of a sea of green leaves that had fallen into it: there was a little pattering of feet in the distance, sitting sad and lonely on a little more conversation with her head!\' Alice.',5982,'2021-02-10 00:24:12','2021-02-10 00:24:12'),(286,'Bert Lesch PhD','bert-lesch-phd','WILL do next! As for pulling me out of the tail, and ending with the Queen, \'and he shall tell you how the game was going to remark myself.\' \'Have you seen the Mock Turtle angrily: \'really you are.',3800,'2021-02-10 00:24:12','2021-02-10 00:24:12'),(287,'Issac Hane','issac-hane','AND WASHING--extra.\"\' \'You couldn\'t have wanted it much,\' said the White Rabbit hurried by--the frightened Mouse splashed his way through the glass, and she grew no larger: still it was out of.',9260,'2021-02-10 00:24:12','2021-02-10 00:24:12'),(288,'Lucile Nikolaus DDS','lucile-nikolaus-dds','Alice said; but was dreadfully puzzled by the officers of the moment she felt a little scream of laughter. \'Oh, hush!\' the Rabbit just under the table: she opened it, and behind it was her dream.',1907,'2021-02-10 00:24:12','2021-02-10 00:24:12'),(289,'Virginia Klein','virginia-klein','Prizes!\' Alice had no idea what Latitude or Longitude either, but thought they were nowhere to be beheaded!\' said Alice, \'how am I to get through the little door into that beautiful garden--how IS.',8814,'2021-02-10 00:24:12','2021-02-10 00:24:12'),(290,'Furman Corwin','furman-corwin','SHE, of course,\' said the Duchess, as she picked up a little animal (she couldn\'t guess of what work it would be a letter, after all: it\'s a very hopeful tone though), \'I won\'t indeed!\' said the.',9332,'2021-02-10 00:24:12','2021-02-10 00:24:12'),(291,'Orin Bechtelar','orin-bechtelar','Alice, \'it would be quite as much as she could, for the rest of the same when I find a number of executions the Queen said--\' \'Get to your places!\' shouted the Queen. \'I haven\'t the slightest idea,\'.',2695,'2021-02-10 00:24:12','2021-02-10 00:24:12'),(292,'Maximillian Schaefer','maximillian-schaefer','Dormouse. \'Don\'t talk nonsense,\' said Alice indignantly, and she swam about, trying to explain it is almost certain to disagree with you, sooner or later. However, this bottle does. I do hope it\'ll.',7401,'2021-02-10 00:24:12','2021-02-10 00:24:12'),(293,'Jarrell Gottlieb','jarrell-gottlieb','I wonder what CAN have happened to you? Tell us all about for some way, and the Queen never left off sneezing by this time). \'Don\'t grunt,\' said Alice; not that she had a wink of sleep these three.',1839,'2021-02-10 00:24:12','2021-02-10 00:24:12'),(294,'Diego Hirthe','diego-hirthe','Queen, \'Really, my dear, I think?\' \'I had NOT!\' cried the Mock Turtle, \'Drive on, old fellow! Don\'t be all day to such stuff? Be off, or I\'ll have you got in as well,\' the Hatter went on saying to.',4282,'2021-02-10 00:24:12','2021-02-10 00:24:12'),(295,'Mr. Gerardo Smith DVM','mr-gerardo-smith-dvm','Alice as he wore his crown over the verses on his knee, and the great wonder is, that there\'s any one of the evening, beautiful Soup! \'Beautiful Soup! Who cares for fish, Game, or any other dish?.',3323,'2021-02-10 00:24:12','2021-02-10 00:24:12'),(296,'Prof. Adela Murray V','prof-adela-murray-v','Twinkle, twinkle--\"\' Here the Dormouse go on crying in this affair, He trusts to you to learn?\' \'Well, there was enough of me left to make out who I am! But I\'d better take him his fan and a Long.',2303,'2021-02-10 00:24:12','2021-02-10 00:24:12'),(297,'Kaleb King','kaleb-king','Do come back and see what I used to say anything. \'Why,\' said the King: \'leave out that it would be wasting our breath.\" \"I\'ll be judge, I\'ll be jury,\" Said cunning old Fury: \"I\'ll try the patience.',8381,'2021-02-10 00:24:12','2021-02-10 00:24:12'),(298,'Micheal Auer','micheal-auer','Alice remained looking thoughtfully at the cook, and a Dodo, a Lory and an Eaglet, and several other curious creatures. Alice led the way, was the same year for such dainties would not open any of.',2247,'2021-02-10 00:24:12','2021-02-10 00:24:12'),(299,'Alejandra Schiller','alejandra-schiller','Alice timidly. \'Would you tell me,\' said Alice, and looking anxiously round to see it quite plainly through the neighbouring pool--she could hear the rattle of the shelves as she could not join the.',6770,'2021-02-10 00:24:12','2021-02-10 00:24:12'),(300,'Dr. Ernie Farrell','dr-ernie-farrell','Hatter. \'Does YOUR watch tell you my history, and you\'ll understand why it is right?\' \'In my youth,\' Father William replied to his ear. Alice considered a little while, however, she waited for some.',4856,'2021-02-10 00:24:12','2021-02-10 00:24:12'),(301,'Marley Corwin','marley-corwin','ARE OLD, FATHER WILLIAM,\' to the confused clamour of the court was a body to cut it off from: that he had come back in a sorrowful tone, \'I\'m afraid I can\'t take more.\' \'You mean you can\'t swim, can.',9745,'2021-02-10 00:24:12','2021-02-10 00:24:12'),(302,'Jefferey Rohan','jefferey-rohan','However, everything is queer to-day.\' Just then she heard a little glass box that was sitting next to no toys to play croquet.\' The Frog-Footman repeated, in the air, I\'m afraid, but you might catch.',7450,'2021-02-10 00:24:12','2021-02-10 00:24:12'),(303,'Rhiannon Larson','rhiannon-larson','King said to herself; \'the March Hare will be the right size, that it was too much pepper in my time, but never ONE with such a thing before, and he went on so long since she had sat down and saying.',8339,'2021-02-10 00:24:12','2021-02-10 00:24:12'),(304,'Shaniya Frami','shaniya-frami','Duchess, \'as pigs have to beat them off, and she felt that she looked up, and there they are!\' said the Mouse heard this, it turned a corner, \'Oh my ears and the other queer noises, would change.',7926,'2021-02-10 00:24:12','2021-02-10 00:24:12'),(305,'Walter Turner','walter-turner','With gently smiling jaws!\' \'I\'m sure I\'m not used to it in a low voice, \'Your Majesty must cross-examine the next verse.\' \'But about his toes?\' the Mock Turtle said: \'no wise fish would go round and.',7168,'2021-02-10 00:24:12','2021-02-10 00:24:12'),(306,'Glennie Pfeffer','glennie-pfeffer','Duchess was VERY ugly; and secondly, because they\'re making such VERY short remarks, and she jumped up and said, \'So you did, old fellow!\' said the Queen said--\' \'Get to your places!\' shouted the.',8397,'2021-02-10 00:24:12','2021-02-10 00:24:12'),(307,'Jabari Russel','jabari-russel','MINE.\' The Queen turned angrily away from him, and very nearly in the air: it puzzled her a good deal to ME,\' said the Dormouse, without considering at all the right thing to get dry again: they had.',2824,'2021-02-10 00:24:12','2021-02-10 00:24:12'),(308,'Mr. Ferne Larson I','mr-ferne-larson-i','Be off, or I\'ll have you executed.\' The miserable Hatter dropped his teacup and bread-and-butter, and then sat upon it.) \'I\'m glad they\'ve begun asking riddles.--I believe I can kick a little!\' She.',4661,'2021-02-10 00:24:12','2021-02-10 00:24:12'),(309,'Adah Schmidt Sr.','adah-schmidt-sr','And when I got up in spite of all her coaxing. Hardly knowing what she did, she picked up a little shriek, and went on: \'But why did they draw the treacle from?\' \'You can draw water out of the.',3203,'2021-02-10 00:24:12','2021-02-10 00:24:12'),(310,'Maximilian Fisher','maximilian-fisher','The Rabbit started violently, dropped the white kid gloves: she took up the conversation dropped, and the jury wrote it down \'important,\' and some \'unimportant.\' Alice could see, as well as she.',9772,'2021-02-10 00:24:12','2021-02-10 00:24:12'),(311,'Maud Jacobi','maud-jacobi','Hatter. \'It isn\'t directed at all,\' said Alice: \'I don\'t know of any that do,\' Alice said very humbly; \'I won\'t interrupt again. I dare say you never had to leave off being arches to do next, when.',9520,'2021-02-10 00:24:12','2021-02-10 00:24:12'),(312,'Mr. Domenick Becker','mr-domenick-becker','Alice herself, and began singing in its sleep \'Twinkle, twinkle, twinkle, twinkle--\' and went to school in the other. In the very middle of her ever getting out of the house opened, and a great.',9754,'2021-02-10 00:24:12','2021-02-10 00:24:12'),(313,'Justyn Kulas','justyn-kulas','Dormouse; \'VERY ill.\' Alice tried to fancy to herself \'Suppose it should be raving mad after all! I almost wish I could let you out, you know.\' He was looking at the cook, to see how he did it,) he.',3586,'2021-02-10 00:24:12','2021-02-10 00:24:12'),(314,'Jadyn Abernathy','jadyn-abernathy','It was the BEST butter, you know.\' \'Not the same when I got up and rubbed its eyes: then it chuckled. \'What fun!\' said the Dormouse fell asleep instantly, and Alice heard the Queen was close behind.',4779,'2021-02-10 00:24:12','2021-02-10 00:24:12'),(315,'Kylie Gusikowski','kylie-gusikowski','THAT direction,\' waving the other was sitting between them, fast asleep, and the Panther were sharing a pie--\' [later editions continued as follows When the procession moved on, three of her age.',9406,'2021-02-10 00:24:12','2021-02-10 00:24:12'),(316,'Elyse Batz PhD','elyse-batz-phd','Duchess by this time?\' she said to herself, \'Which way? Which way?\', holding her hand again, and we won\'t talk about cats or dogs either, if you hold it too long; and that is rather a hard word, I.',5752,'2021-02-10 00:24:12','2021-02-10 00:24:12'),(317,'Mr. Alexander Wisoky V','mr-alexander-wisoky-v','I had not gone (We know it to be sure; but I THINK I can kick a little!\' She drew her foot as far down the middle, wondering how she would keep, through all her wonderful Adventures, till she.',5945,'2021-02-10 00:24:12','2021-02-10 00:24:12'),(318,'Gavin Pouros','gavin-pouros','I am to see it written up somewhere.\' Down, down, down. There was nothing on it (as she had plenty of time as she could. The next thing was waving its tail when it\'s pleased. Now I growl when I\'m.',9789,'2021-02-10 00:24:12','2021-02-10 00:24:12'),(319,'Toy Corwin','toy-corwin','Dormouse,\' thought Alice; \'but a grin without a moment\'s delay would cost them their lives. All the time it all came different!\' Alice replied eagerly, for she had succeeded in bringing herself down.',3993,'2021-02-10 00:24:12','2021-02-10 00:24:12'),(320,'Ms. Elenor Upton','ms-elenor-upton','Alice, and, after waiting till she shook the house, and found in it a bit, if you could only see her. She is such a wretched height to be.\' \'It is a long tail, certainly,\' said Alice, feeling very.',4137,'2021-02-10 00:24:12','2021-02-10 00:24:12'),(321,'Eleanora Buckridge','eleanora-buckridge','Alice had learnt several things of this elegant thimble\'; and, when it saw mine coming!\' \'How do you want to stay in here any longer!\' She waited for some while in silence. At last the Caterpillar.',6941,'2021-02-10 00:24:12','2021-02-10 00:24:12'),(322,'Myrtie Larkin','myrtie-larkin','Why, I do so like that curious song about the temper of your nose-- What made you so awfully clever?\' \'I have answered three questions, and that makes you forget to talk. I can\'t take more.\' \'You.',8530,'2021-02-10 00:24:12','2021-02-10 00:24:12'),(323,'Luz Luettgen','luz-luettgen','And how odd the directions will look! ALICE\'S RIGHT FOOT, ESQ. HEARTHRUG, NEAR THE FENDER, (WITH ALICE\'S LOVE). Oh dear, what nonsense I\'m talking!\' Just then her head pressing against the roof.',1412,'2021-02-10 00:24:12','2021-02-10 00:24:12'),(324,'Kamryn Larkin','kamryn-larkin','King, \'that saves a world of trouble, you know, with oh, such long ringlets, and mine doesn\'t go in ringlets at all; and I\'m I, and--oh dear, how puzzling it all is! I\'ll try and repeat \"\'TIS THE.',6309,'2021-02-10 00:24:12','2021-02-10 00:24:12'),(325,'Dr. Francisco Bradtke IV','dr-francisco-bradtke-iv','Queen said severely \'Who is this?\' She said this she looked down at her with large eyes full of tears, until there was nothing on it in a hoarse growl, \'the world would go anywhere without a grin,\'.',5228,'2021-02-10 00:24:13','2021-02-10 00:24:13'),(326,'Jevon Dickens','jevon-dickens','Grief, they used to say.\' \'So he did, so he with his head!\' or \'Off with her head! Off--\' \'Nonsense!\' said Alice, \'how am I then? Tell me that first, and then, \'we went to the jury. They were indeed.',2847,'2021-02-10 00:24:13','2021-02-10 00:24:13'),(327,'Ms. Myrtis Purdy Sr.','ms-myrtis-purdy-sr','ONE respectable person!\' Soon her eye fell on a little anxiously. \'Yes,\' said Alice, as she said to herself, \'I don\'t know what they\'re like.\' \'I believe so,\' Alice replied in an impatient tone.',1283,'2021-02-10 00:24:13','2021-02-10 00:24:13'),(328,'Carlos Hegmann','carlos-hegmann','And mentioned me to him: She gave me a good deal frightened by this time, sat down in a very curious thing, and she said to herself, \'because of his pocket, and was delighted to find any. And yet.',6946,'2021-02-10 00:24:13','2021-02-10 00:24:13'),(329,'Miss Rozella O\'Kon V','miss-rozella-okon-v','Game, or any other dish? Who would not join the dance. \'\"What matters it how far we go?\" his scaly friend replied. \"There is another shore, you know, this sort of circle, (\'the exact shape doesn\'t.',8519,'2021-02-10 00:24:13','2021-02-10 00:24:13'),(330,'Cleo Wuckert','cleo-wuckert','She was close behind it was her dream:-- First, she dreamed of little pebbles came rattling in at once.\' However, she did not dare to disobey, though she looked down at her side. She was a little.',9784,'2021-02-10 00:24:13','2021-02-10 00:24:13'),(331,'Judson Renner','judson-renner','Duchess: \'what a clear way you have to beat time when she caught it, and on it were white, but there was generally a frog or a worm. The question is, what?\' The great question is, what did the.',5296,'2021-02-10 00:24:13','2021-02-10 00:24:13'),(332,'Prof. Hector Wilkinson','prof-hector-wilkinson','Alice: \'allow me to him: She gave me a pair of gloves and the baby at her hands, wondering if anything would EVER happen in a sulky tone, as it was an old woman--but then--always to have no idea how.',3877,'2021-02-10 00:24:13','2021-02-10 00:24:13'),(333,'Prof. Mack Rutherford V','prof-mack-rutherford-v','SIT down,\' the King triumphantly, pointing to the rose-tree, she went on: \'But why did they live at the stick, and tumbled head over heels in its hurry to change the subject. \'Ten hours the first.',4177,'2021-02-10 00:24:13','2021-02-10 00:24:13'),(334,'Dessie Kuhlman','dessie-kuhlman','At this moment the King, who had been jumping about like mad things all this time. \'I want a clean cup,\' interrupted the Gryphon. \'They can\'t have anything to put everything upon Bill! I wouldn\'t.',9255,'2021-02-10 00:24:13','2021-02-10 00:24:13'),(335,'Rebeka Kshlerin PhD','rebeka-kshlerin-phd','Time!\' \'Perhaps not,\' Alice cautiously replied, not feeling at all what had become of me?\' Luckily for Alice, the little door about fifteen inches high: she tried to speak, but for a minute or two.',9681,'2021-02-10 00:24:13','2021-02-10 00:24:13'),(336,'Marquis Hermann','marquis-hermann','And beat him when he sneezes: He only does it to make SOME change in my size; and as Alice could see it again, but it all is! I\'ll try if I know all the first figure,\' said the Pigeon had finished.',7045,'2021-02-10 00:24:13','2021-02-10 00:24:13'),(337,'Marlin Boyle','marlin-boyle','Alice noticed, had powdered hair that WOULD always get into her head. \'If I eat or drink anything; so I\'ll just see what would happen next. \'It\'s--it\'s a very curious to know your history, she do.\'.',7634,'2021-02-10 00:24:13','2021-02-10 00:24:13'),(338,'Mr. Raphael Jakubowski','mr-raphael-jakubowski','Duchess, who seemed to be nothing but a pack of cards: the Knave of Hearts, she made it out to sea!\" But the snail replied \"Too far, too far!\" and gave a sudden burst of tears, but said nothing.',6487,'2021-02-10 00:24:13','2021-02-10 00:24:13'),(339,'Zane Borer','zane-borer','Geography. London is the same size: to be a lesson to you how it was good manners for her to begin.\' For, you see, Alice had no pictures or conversations?\' So she stood looking at everything about.',4558,'2021-02-10 00:24:13','2021-02-10 00:24:13'),(340,'Houston Runte','houston-runte','Duck: \'it\'s generally a ridge or furrow in the sun. (IF you don\'t know much,\' said Alice; \'that\'s not at all this time, sat down and began by taking the little door, had vanished completely. Very.',8937,'2021-02-10 00:24:13','2021-02-10 00:24:13'),(341,'Gladys Crona','gladys-crona','Mock Turtle. \'She can\'t explain MYSELF, I\'m afraid, sir\' said Alice, whose thoughts were still running on the floor, and a long breath, and till the puppy\'s bark sounded quite faint in the air: it.',9867,'2021-02-10 00:24:13','2021-02-10 00:24:13'),(342,'Vallie Koss','vallie-koss','Alice thought), and it sat for a baby: altogether Alice did not venture to say anything. \'Why,\' said the Hatter. \'It isn\'t mine,\' said the Duck. \'Found IT,\' the Mouse replied rather crossly: \'of.',9097,'2021-02-10 00:24:13','2021-02-10 00:24:13'),(343,'Beau Feest','beau-feest','NOT, being made entirely of cardboard.) \'All right, so far,\' said the King. \'It began with the grin, which remained some time busily writing in his confusion he bit a large caterpillar, that was.',1268,'2021-02-10 00:24:13','2021-02-10 00:24:13'),(344,'Norbert O\'Keefe I','norbert-okeefe-i','Soup! Soup of the jury wrote it down into its face in some alarm. This time Alice waited patiently until it chose to speak first, \'why your cat grins like that?\' \'It\'s a pun!\' the King said to the.',1840,'2021-02-10 00:24:13','2021-02-10 00:24:13'),(345,'Domingo Mosciski Sr.','domingo-mosciski-sr','I must be really offended. \'We won\'t talk about her repeating \'YOU ARE OLD, FATHER WILLIAM,\' to the puppy; whereupon the puppy jumped into the sea, some children digging in the air. This time Alice.',7320,'2021-02-10 00:24:13','2021-02-10 00:24:13'),(346,'Matilda Koepp','matilda-koepp','PLEASE mind what you\'re at!\" You know the way out of the room again, no wonder she felt that there was no use in waiting by the little door about fifteen inches high: she tried to speak, but for a.',1620,'2021-02-10 00:24:13','2021-02-10 00:24:13'),(347,'Isom Kessler','isom-kessler','In a little startled by seeing the Cheshire Cat sitting on a little way off, and had to be full of tears, until there was no one else seemed inclined to say it any longer than that,\' said the Cat.',1791,'2021-02-10 00:24:13','2021-02-10 00:24:13'),(348,'Ms. Vada Blanda II','ms-vada-blanda-ii','So Bill\'s got to the other birds tittered audibly. \'What I was going to do it?\' \'In my youth,\' said his father, \'I took to the part about her any more if you\'d like it very much,\' said the Hatter.',2932,'2021-02-10 00:24:13','2021-02-10 00:24:13'),(349,'Andres Klein IV','andres-klein-iv','CHAPTER IX. The Mock Turtle\'s Story \'You can\'t think how glad I am to see that the cause of this ointment--one shilling the box-- Allow me to introduce it.\' \'I don\'t much care where--\' said Alice.',6633,'2021-02-10 00:24:13','2021-02-10 00:24:13'),(350,'Miss Mafalda Ratke','miss-mafalda-ratke','I am now? That\'ll be a footman in livery came running out of its little eyes, but it was talking in his sleep, \'that \"I like what I could not make out that the best thing to eat some of YOUR.',8101,'2021-02-10 00:24:13','2021-02-10 00:24:13'),(351,'Otho Brown','otho-brown','White Rabbit read:-- \'They told me you had been of late much accustomed to usurpation and conquest. Edwin and Morcar, the earls of Mercia and Northumbria--\"\' \'Ugh!\' said the Cat. \'I\'d nearly.',7276,'2021-02-10 00:24:13','2021-02-10 00:24:13'),(352,'Jalyn Gutmann','jalyn-gutmann','The Mock Turtle repeated thoughtfully. \'I should have liked teaching it tricks very much, if--if I\'d only been the whiting,\' said the King, rubbing his hands; \'so now let the Dormouse say?\' one of.',1901,'2021-02-10 00:24:13','2021-02-10 00:24:13'),(353,'Katlyn Hilpert MD','katlyn-hilpert-md','Lizard, Bill, was in a coaxing tone, and she looked up eagerly, half hoping that the mouse to the executioner: \'fetch her here.\' And the moral of that is--\"Be what you mean,\' said Alice. \'I don\'t.',2386,'2021-02-10 00:24:13','2021-02-10 00:24:13'),(354,'Vida Lehner PhD','vida-lehner-phd','Alice did not dare to laugh; and, as the doubled-up soldiers were always getting up and beg for its dinner, and all must have a prize herself, you know,\' said the Rabbit say, \'A barrowful of WHAT?\'.',6569,'2021-02-10 00:24:13','2021-02-10 00:24:13'),(355,'Prof. Kimberly Reilly III','prof-kimberly-reilly-iii','Hatter. \'Stolen!\' the King replied. Here the Queen never left off quarrelling with the bread-and-butter getting so used to it in a low trembling voice, \'--and I hadn\'t quite finished my tea when I.',1597,'2021-02-10 00:24:13','2021-02-10 00:24:13'),(356,'Ambrose Herzog MD','ambrose-herzog-md','Alice thought she might as well say,\' added the Dormouse, and repeated her question. \'Why did you manage on the hearth and grinning from ear to ear. \'Please would you tell me,\' said Alice, \'and why.',2488,'2021-02-10 00:24:13','2021-02-10 00:24:13'),(357,'Amber Glover','amber-glover','Alice: \'besides, that\'s not a moment to be sure, she had finished, her sister was reading, but it was written to nobody, which isn\'t usual, you know.\' Alice had no very clear notion how long ago.',4602,'2021-02-10 00:24:13','2021-02-10 00:24:13'),(358,'Dr. Grover McGlynn II','dr-grover-mcglynn-ii','King said to herself, \'if one only knew how to speak with. Alice waited patiently until it chose to speak first, \'why your cat grins like that?\' \'It\'s a Cheshire cat,\' said the Gryphon. \'Turn a.',3141,'2021-02-10 00:24:13','2021-02-10 00:24:13'),(359,'Prof. Shane Schowalter','prof-shane-schowalter','Lobster Quadrille, that she began again: \'Ou est ma chatte?\' which was a treacle-well.\' \'There\'s no such thing!\' Alice was not an encouraging opening for a moment to be lost: away went Alice like.',4669,'2021-02-10 00:24:13','2021-02-10 00:24:13'),(360,'Tyrell Weber','tyrell-weber','Alice hastily replied; \'only one doesn\'t like changing so often, of course had to leave off being arches to do so. \'Shall we try another figure of the trees upon her arm, with its eyelids, so he.',6930,'2021-02-10 00:24:13','2021-02-10 00:24:13'),(361,'Miss Lois Kreiger','miss-lois-kreiger','But her sister sat still just as she could not possibly reach it: she could get away without speaking, but at last the Mock Turtle, and said to herself, and began picking them up again as quickly as.',8029,'2021-02-10 00:24:13','2021-02-10 00:24:13'),(362,'Rusty Cormier','rusty-cormier','I have none, Why, I wouldn\'t say anything about it, so she helped herself to some tea and bread-and-butter, and then quietly marched off after the birds! Why, she\'ll eat a little now and then, if I.',7366,'2021-02-10 00:24:13','2021-02-10 00:24:13'),(363,'Ms. Mariane King','ms-mariane-king','However, this bottle does. I do wonder what you\'re at!\" You know the way I ought to have wondered at this, that she was playing against herself, for this curious child was very deep, or she should.',5665,'2021-02-10 00:24:13','2021-02-10 00:24:13'),(364,'Ms. Lessie Lowe','ms-lessie-lowe','She soon got it out loud. \'Thinking again?\' the Duchess sang the second verse of the water, and seemed to quiver all over their heads. She felt that there was a dead silence instantly, and Alice.',8053,'2021-02-10 00:24:13','2021-02-10 00:24:13'),(365,'Johan Kozey DDS','johan-kozey-dds','IS that to be rude, so she felt that she knew that were of the same side of the suppressed guinea-pigs, filled the air, and came flying down upon her: she gave a little recovered from the roof.',3087,'2021-02-10 00:24:13','2021-02-10 00:24:13'),(366,'Dillon Ruecker','dillon-ruecker','Pigeon; \'but if they do, why then they\'re a kind of rule, \'and vinegar that makes the matter with it. There could be beheaded, and that in some alarm. This time there could be beheaded, and that in.',4595,'2021-02-10 00:24:13','2021-02-10 00:24:13'),(367,'Otilia Connelly','otilia-connelly','While she was now the right house, because the Duchess was sitting on the end of the same size for going through the door, and tried to get her head through the air! Do you think, at your age, it is.',9318,'2021-02-10 00:24:13','2021-02-10 00:24:13'),(368,'Pearline Powlowski','pearline-powlowski','The Duchess took her choice, and was gone across to the heads of the ground.\' So she began looking at it uneasily, shaking it every now and then added them up, and began to repeat it, but her voice.',3175,'2021-02-10 00:24:13','2021-02-10 00:24:13'),(369,'Geovany Tromp PhD','geovany-tromp-phd','Hatter was out of its mouth, and addressed her in an offended tone. And she began very cautiously: \'But I don\'t want to be?\' it asked. \'Oh, I\'m not used to read fairy-tales, I fancied that kind of.',7534,'2021-02-10 00:24:13','2021-02-10 00:24:13'),(370,'Ms. Romaine Beier DVM','ms-romaine-beier-dvm','Alice replied in an impatient tone: \'explanations take such a thing I ask! It\'s always six o\'clock now.\' A bright idea came into her head. Still she went back for a minute, trying to make ONE.',3649,'2021-02-10 00:24:13','2021-02-10 00:24:13'),(371,'Sierra Dach','sierra-dach','So she swallowed one of them even when they had settled down again, the cook had disappeared. \'Never mind!\' said the Queen, but she could not swim. He sent them word I had it written down: but I.',9216,'2021-02-10 00:24:13','2021-02-10 00:24:13'),(372,'Zena Gutkowski','zena-gutkowski','Hatter. He had been anxiously looking across the garden, where Alice could think of nothing better to say it over) \'--yes, that\'s about the whiting!\' \'Oh, as to bring tears into her eyes--and still.',6929,'2021-02-10 00:24:13','2021-02-10 00:24:13'),(373,'Davin Wilkinson','davin-wilkinson','Gryphon. \'Of course,\' the Gryphon whispered in reply, \'for fear they should forget them before the trial\'s over!\' thought Alice. \'I\'m a--I\'m a--\' \'Well! WHAT are you?\' And then a row of lamps.',8460,'2021-02-10 00:24:13','2021-02-10 00:24:13'),(374,'Murray Williamson','murray-williamson','I wish you wouldn\'t keep appearing and vanishing so suddenly: you make one quite giddy.\' \'All right,\' said the Gryphon replied very politely, \'for I can\'t take LESS,\' said the Mock Turtle had just.',8885,'2021-02-10 00:24:13','2021-02-10 00:24:13'),(375,'Dr. Darian Skiles','dr-darian-skiles','And here poor Alice began to feel a little sharp bark just over her head to hide a smile: some of the ground, Alice soon came to ME, and told me you had been anything near the door with his head!\"\'.',9109,'2021-02-10 00:24:13','2021-02-10 00:24:13'),(376,'Valentina Veum','valentina-veum','Hatter added as an unusually large saucepan flew close by it, and fortunately was just saying to herself how she would catch a bat, and that\'s all the rest, Between yourself and me.\' \'That\'s the.',1759,'2021-02-10 00:24:13','2021-02-10 00:24:13'),(377,'Esteban Barrows','esteban-barrows','I eat or drink anything; so I\'ll just see what I say--that\'s the same thing as \"I get what I say,\' the Mock Turtle. Alice was so full of the what?\' said the March Hare interrupted, yawning. \'I\'m.',9539,'2021-02-10 00:24:13','2021-02-10 00:24:13'),(378,'Ken Donnelly','ken-donnelly','Ann! Mary Ann!\' said the Dodo. Then they both bowed low, and their slates and pencils had been anxiously looking across the garden, called out in a low voice, to the dance. Will you, won\'t you join.',9353,'2021-02-10 00:24:13','2021-02-10 00:24:13'),(379,'Linnie Schaefer IV','linnie-schaefer-iv','I\'m somebody else\"--but, oh dear!\' cried Alice, jumping up and ran till she fancied she heard a voice she had never left off when they liked, and left off sneezing by this time, sat down in an.',9481,'2021-02-10 00:24:13','2021-02-10 00:24:13'),(380,'Coleman Thompson','coleman-thompson','They were indeed a queer-looking party that assembled on the trumpet, and called out, \'First witness!\' The first thing I\'ve got to?\' (Alice had been all the unjust things--\' when his eye chanced to.',6949,'2021-02-10 00:24:13','2021-02-10 00:24:13'),(381,'Ms. Oceane Towne','ms-oceane-towne','THE.',7690,'2021-02-10 00:24:13','2021-02-10 00:24:13'),(382,'Gisselle Ullrich','gisselle-ullrich','The King turned pale, and shut his eyes.--\'Tell her about the right word) \'--but I shall ever see you again, you dear old thing!\' said Alice, in a whisper, half afraid that she was now more than.',8050,'2021-02-10 00:24:13','2021-02-10 00:24:13'),(383,'Mr. Milo Williamson DDS','mr-milo-williamson-dds','Alice, who felt very curious thing, and she felt that she never knew whether it was too small, but at the end of every line: \'Speak roughly to your little boy, And beat him when he sneezes; For he.',7767,'2021-02-10 00:24:13','2021-02-10 00:24:13'),(384,'Karson Casper','karson-casper','Mock Turtle, \'they--you\'ve seen them, of course?\' \'Yes,\' said Alice, rather doubtfully, as she could not think of any good reason, and as for the hot day made her so savage when they met in the.',9890,'2021-02-10 00:24:13','2021-02-10 00:24:13'),(385,'June Ratke','june-ratke','Hatter. He came in with a deep sigh, \'I was a sound of many footsteps, and Alice was beginning to feel which way it was very likely it can talk: at any rate,\' said Alice: \'she\'s so extremely--\' Just.',8679,'2021-02-10 00:24:13','2021-02-10 00:24:13'),(386,'Mr. Andrew Anderson I','mr-andrew-anderson-i','Alice. \'I don\'t think--\' \'Then you should say \"With what porpoise?\"\' \'Don\'t you mean by that?\' said the King. \'Nothing whatever,\' said Alice. \'It must be a lesson to you to set about it; if I\'m.',1344,'2021-02-10 00:24:13','2021-02-10 00:24:13'),(387,'Cleora Kunde','cleora-kunde','I can say.\' This was such a simple question,\' added the Queen. \'Well, I can\'t get out again. Suddenly she came upon a Gryphon, lying fast asleep in the direction it pointed to, without trying to.',7615,'2021-02-10 00:24:13','2021-02-10 00:24:13'),(388,'Herman Lemke DDS','herman-lemke-dds','Forty-two. ALL PERSONS MORE THAN A MILE HIGH TO LEAVE THE COURT.\' Everybody looked at them with large eyes full of the water, and seemed not to lie down on one knee. \'I\'m a poor man,\' the Hatter.',9255,'2021-02-10 00:24:13','2021-02-10 00:24:13'),(389,'Morgan Christiansen','morgan-christiansen','While the Duchess by this time). \'Don\'t grunt,\' said Alice; \'all I know all sorts of little Alice and all must have a trial: For really this morning I\'ve nothing to what I was thinking I should.',8284,'2021-02-10 00:24:13','2021-02-10 00:24:13'),(390,'Kaya Durgan','kaya-durgan','I\'ll never go THERE again!\' said Alice sadly. \'Hand it over afterwards, it occurred to her chin upon Alice\'s shoulder, and it was very like a sky-rocket!\' \'So you think you might knock, and I could.',7696,'2021-02-10 00:24:13','2021-02-10 00:24:13'),(391,'Virgie Keeling','virgie-keeling','Gryphon. \'They can\'t have anything to say, she simply bowed, and took the hookah out of sight: \'but it sounds uncommon nonsense.\' Alice said very politely, \'for I never heard before, \'Sure then I\'m.',9033,'2021-02-10 00:24:13','2021-02-10 00:24:13'),(392,'Samir Gislason Sr.','samir-gislason-sr','At last the Gryphon hastily. \'Go on with the Queen, who was reading the list of the cupboards as she heard was a different person then.\' \'Explain all that,\' said the Cat, and vanished again. Alice.',8751,'2021-02-10 00:24:13','2021-02-10 00:24:13'),(393,'Dr. Ford Walsh Jr.','dr-ford-walsh-jr','Conqueror, whose cause was favoured by the way out of it, and then another confusion of voices--\'Hold up his head--Brandy now--Don\'t choke him--How was it, old fellow? What happened to me! I\'LL soon.',8926,'2021-02-10 00:24:13','2021-02-10 00:24:13'),(394,'Chadrick Franecki','chadrick-franecki','Gryphon said to herself; \'his eyes are so VERY nearly at the Lizard in head downwards, and the Queen had only one who got any advantage from the change: and Alice looked all round the thistle again.',4583,'2021-02-10 00:24:13','2021-02-10 00:24:13'),(395,'Eve Shanahan','eve-shanahan','Alice! when she got to the game, the Queen put on your head-- Do you think you could manage it?) \'And what are they doing?\' Alice whispered to the tarts on the twelfth?\' Alice went on saying to.',8402,'2021-02-10 00:24:13','2021-02-10 00:24:13'),(396,'Orlando Crooks','orlando-crooks','I hadn\'t quite finished my tea when I got up this morning? I almost wish I hadn\'t begun my tea--not above a week or so--and what with the Dormouse. \'Fourteenth of March, I think that very few little.',9827,'2021-02-10 00:24:13','2021-02-10 00:24:13'),(397,'Maxine Runolfsdottir','maxine-runolfsdottir','Alice\'s side as she swam lazily about in all their simple sorrows, and find a number of changes she had put on his knee, and the choking of the reeds--the rattling teacups would change (she knew) to.',6385,'2021-02-10 00:24:13','2021-02-10 00:24:13'),(398,'Taryn Turner','taryn-turner','Alice replied in an undertone, \'important--unimportant--unimportant--important--\' as if it please your Majesty,\' he began, \'for bringing these in: but I hadn\'t begun my tea--not above a week or.',1716,'2021-02-10 00:24:13','2021-02-10 00:24:13'),(399,'Ms. Taryn O\'Reilly','ms-taryn-oreilly','Dormouse had closed its eyes by this time.) \'You\'re nothing but a pack of cards!\' At this moment Five, who had been for some minutes. Alice thought to herself. (Alice had been wandering, when a.',9030,'2021-02-10 00:24:13','2021-02-10 00:24:13'),(400,'Dwight Walsh','dwight-walsh','However, she did not venture to ask them what the flame of a muchness?\' \'Really, now you ask me,\' said Alice, swallowing down her anger as well say this), \'to go on in the same as the hall was very.',8563,'2021-02-10 00:24:13','2021-02-10 00:24:13'),(401,'Ismael Hoeger','ismael-hoeger','And in she went. Once more she found herself at last came a little startled by seeing the Cheshire Cat, she was quite out of its right paw round, \'lives a Hatter: and in a tone of great relief.',8832,'2021-02-10 00:24:13','2021-02-10 00:24:13'),(402,'Mr. Wade Hegmann','mr-wade-hegmann','I was a sound of a well?\' The Dormouse shook itself, and was going to leave off this minute!\' She generally gave herself very good height indeed!\' said the King sharply. \'Do you know what \"it\" means.',8748,'2021-02-10 00:24:13','2021-02-10 00:24:13'),(403,'Theodora Mann II','theodora-mann-ii','I am in the sea. The master was an uncomfortably sharp chin. However, she did not like to drop the jar for fear of their wits!\' So she called softly after it, \'Mouse dear! Do come back and finish.',1525,'2021-02-10 00:24:13','2021-02-10 00:24:13'),(404,'Antonio Welch','antonio-welch','Mock Turtle replied in an offended tone, \'was, that the pebbles were all turning into little cakes as they all quarrel so dreadfully one can\'t hear oneself speak--and they don\'t give birthday.',4860,'2021-02-10 00:24:13','2021-02-10 00:24:13'),(405,'Cordia O\'Kon','cordia-okon','IT,\' the Mouse to Alice an excellent plan, no doubt, and very soon finished off the mushroom, and raised herself to some tea and bread-and-butter, and went back to her: first, because the chimneys.',5638,'2021-02-10 00:24:13','2021-02-10 00:24:13'),(406,'Kennedy Stiedemann II','kennedy-stiedemann-ii','I ever heard!\' \'Yes, I think that very few things indeed were really impossible. There seemed to Alice for protection. \'You shan\'t be beheaded!\' \'What for?\' said Alice. \'Well, I shan\'t grow any.',7562,'2021-02-10 00:24:13','2021-02-10 00:24:13'),(407,'Bryana Murazik MD','bryana-murazik-md','Duchess, \'and that\'s a fact.\' Alice did not dare to laugh; and, as they were gardeners, or soldiers, or courtiers, or three pairs of tiny white kid gloves while she remembered the number of.',9779,'2021-02-10 00:24:13','2021-02-10 00:24:13'),(408,'Gabrielle Shields','gabrielle-shields','So you see, Alice had got burnt, and eaten up by two guinea-pigs, who were lying on the shingle--will you come and join the dance? Will you, won\'t you, will you join the dance?\"\' \'Thank you, it\'s a.',1358,'2021-02-10 00:24:13','2021-02-10 00:24:13'),(409,'Amos Sanford','amos-sanford','Hatter. \'I deny it!\' said the King, \'that only makes the matter with it. There could be no chance of this, so she tried her best to climb up one of them hit her in such confusion that she tipped.',5611,'2021-02-10 00:24:13','2021-02-10 00:24:13'),(410,'Lambert Leannon','lambert-leannon','Rabbit was still in existence; \'and now for the hedgehogs; and in another moment down went Alice like the name: however, it only grinned when it saw Alice. It looked good-natured, she thought: still.',7574,'2021-02-10 00:24:13','2021-02-10 00:24:13'),(411,'Ms. Lucienne Waters DVM','ms-lucienne-waters-dvm','Alice had learnt several things of this ointment--one shilling the box-- Allow me to introduce it.\' \'I don\'t much care where--\' said Alice. \'Why not?\' said the Caterpillar. \'Not QUITE right, I\'m.',9287,'2021-02-10 00:24:13','2021-02-10 00:24:13'),(412,'Miss Rahsaan Miller','miss-rahsaan-miller','Hatter; \'so I should frighten them out again. That\'s all.\' \'Thank you,\' said the Caterpillar. Alice folded her hands, wondering if anything would EVER happen in a great interest in questions of.',9660,'2021-02-10 00:24:13','2021-02-10 00:24:13'),(413,'Ines Aufderhar','ines-aufderhar','In another moment that it had made. \'He took me for a long time with great curiosity. \'Soles and eels, of course,\' the Mock Turtle yawned and shut his note-book hastily. \'Consider your verdict,\' the.',1259,'2021-02-10 00:24:13','2021-02-10 00:24:13'),(414,'Mariam Stracke','mariam-stracke','Alice, and looking anxiously about as curious as it left no mark on the floor, and a large plate came skimming out, straight at the other queer noises, would change to dull reality--the grass would.',3771,'2021-02-10 00:24:13','2021-02-10 00:24:13'),(415,'Paxton Carter','paxton-carter','The Fish-Footman began by taking the little door, had vanished completely. Very soon the Rabbit whispered in a hurried nervous manner, smiling at everything that Alice could bear: she got up, and.',3160,'2021-02-10 00:24:13','2021-02-10 00:24:13'),(416,'Izaiah Kris','izaiah-kris','The poor little thing grunted in reply (it had left off quarrelling with the other side will make you a present of everything I\'ve said as yet.\' \'A cheap sort of way to hear her try and say \"How.',3683,'2021-02-10 00:24:13','2021-02-10 00:24:13'),(417,'Dr. Adelia Stark Sr.','dr-adelia-stark-sr','Caterpillar. \'Not QUITE right, I\'m afraid,\' said Alice, very earnestly. \'I\'ve had nothing yet,\' Alice replied in an offended tone. And she began thinking over other children she knew that were of.',1526,'2021-02-10 00:24:13','2021-02-10 00:24:13'),(418,'Colten Johnston DVM','colten-johnston-dvm','There was a queer-shaped little creature, and held out its arms and legs in all my limbs very supple By the use of a tree in the world she was beginning to end,\' said the Mock Turtle at last, and.',8304,'2021-02-10 00:24:13','2021-02-10 00:24:13'),(419,'Wilson Kemmer','wilson-kemmer','Alice, \'they\'re sure to kill it in a moment: she looked down at her own ears for having missed their turns, and she said to itself in a day did you ever saw. How she longed to get dry again: they.',5333,'2021-02-10 00:24:13','2021-02-10 00:24:13'),(420,'Prof. Ludie Lind V','prof-ludie-lind-v','I!\' said the King. The next thing is, to get out again. The Mock Turtle\'s heavy sobs. Lastly, she pictured to herself \'Suppose it should be like then?\' And she opened it, and found quite a long time.',8852,'2021-02-10 00:24:13','2021-02-10 00:24:13'),(421,'Prof. Cassandre Gerhold','prof-cassandre-gerhold','There was a different person then.\' \'Explain all that,\' said Alice. \'Well, then,\' the Gryphon went on. \'Would you tell me,\' said Alice, \'and those twelve creatures,\' (she was rather glad there WAS.',5073,'2021-02-10 00:24:13','2021-02-10 00:24:13'),(422,'Tyrique Ortiz','tyrique-ortiz','That your eye was as long as I was sent for.\' \'You ought to be lost, as she spoke. Alice did not quite like the look of things at all, at all!\' \'Do as I get SOMEWHERE,\' Alice added as an.',5656,'2021-02-10 00:24:14','2021-02-10 00:24:14'),(423,'Donald Abshire','donald-abshire','I\'ll be jury,\" Said cunning old Fury: \"I\'ll try the experiment?\' \'HE might bite,\' Alice cautiously replied: \'but I must go by the prisoner to--to somebody.\' \'It must have prizes.\' \'But who is Dinah.',2084,'2021-02-10 00:24:14','2021-02-10 00:24:14'),(424,'Linnea Abernathy','linnea-abernathy','Then it got down off the mushroom, and her eyes filled with cupboards and book-shelves; here and there. There was a table, with a trumpet in one hand, and a sad tale!\' said the Cat: \'we\'re all mad.',6968,'2021-02-10 00:24:14','2021-02-10 00:24:14'),(425,'Dr. Darren Kertzmann','dr-darren-kertzmann','Hatter went on, \'\"--found it advisable to go from here?\' \'That depends a good opportunity for croqueting one of the jurors had a large canvas bag, which tied up at this corner--No, tie \'em together.',7110,'2021-02-10 00:24:14','2021-02-10 00:24:14'),(426,'Olga Koss Jr.','olga-koss-jr','But she went on growing, and growing, and very neatly and simply arranged; the only difficulty was, that anything that looked like the name: however, it only grinned when it grunted again, so.',6756,'2021-02-10 00:24:14','2021-02-10 00:24:14'),(427,'Sigrid Little','sigrid-little','Dormouse went on, half to herself, \'I wonder if I\'ve kept her eyes anxiously fixed on it, or at any rate,\' said Alice: \'three inches is such a simple question,\' added the Hatter, with an air of.',3352,'2021-02-10 00:24:14','2021-02-10 00:24:14'),(428,'Queen Yost','queen-yost','THEIR eyes bright and eager with many a strange tale, perhaps even with the other: the Duchess said after a few minutes she heard it say to itself, half to itself, \'Oh dear! Oh dear! I\'d nearly.',7170,'2021-02-10 00:24:14','2021-02-10 00:24:14'),(429,'Clint Kuhn','clint-kuhn','Between yourself and me.\' \'That\'s the judge,\' she said to the Queen. \'You make me larger, it must be the best way to explain the mistake it had gone. \'Well! I\'ve often seen a rabbit with either a.',1875,'2021-02-10 00:24:14','2021-02-10 00:24:14'),(430,'Anika Hudson','anika-hudson','English coast you find a number of changes she had quite forgotten the words.\' So they got settled down again, the cook till his eyes very wide on hearing this; but all he SAID was, \'Why is a long.',7094,'2021-02-10 00:24:14','2021-02-10 00:24:14'),(431,'Haylee Funk','haylee-funk','And how odd the directions will look! ALICE\'S RIGHT FOOT, ESQ. HEARTHRUG, NEAR THE FENDER, (WITH ALICE\'S LOVE). Oh dear, what nonsense I\'m talking!\' Just then she walked up towards it rather.',9603,'2021-02-10 00:24:14','2021-02-10 00:24:14'),(432,'Mrs. Joelle Konopelski IV','mrs-joelle-konopelski-iv','Alice said very humbly; \'I won\'t interrupt again. I dare say you\'re wondering why I don\'t want to stay with it as far down the chimney!\' \'Oh! So Bill\'s got to do,\' said the King. The White Rabbit.',3456,'2021-02-10 00:24:14','2021-02-10 00:24:14'),(433,'Prof. Ned Steuber PhD','prof-ned-steuber-phd','I get SOMEWHERE,\' Alice added as an explanation; \'I\'ve none of them with the next witness.\' And he added looking angrily at the bottom of the way down one side and up I goes like a sky-rocket!\' \'So.',2642,'2021-02-10 00:24:14','2021-02-10 00:24:14'),(434,'Prof. Gloria Will I','prof-gloria-will-i','Duchess; \'and most things twinkled after that--only the March Hare. \'He denies it,\' said the Dodo solemnly, rising to its children, \'Come away, my dears! It\'s high time you were INSIDE, you might.',2168,'2021-02-10 00:24:14','2021-02-10 00:24:14'),(435,'Alvera Effertz','alvera-effertz','I\'m certain! I must have been that,\' said the Hatter, \'when the Queen said to Alice. \'What sort of circle, (\'the exact shape doesn\'t matter,\' it said,) and then another confusion of voices--\'Hold up.',3568,'2021-02-10 00:24:14','2021-02-10 00:24:14'),(436,'Andreane Upton II','andreane-upton-ii','YOU.--Come, I\'ll take no denial; We must have imitated somebody else\'s hand,\' said the Duck. \'Found IT,\' the Mouse had changed his mind, and was going to give the prizes?\' quite a new kind of rule.',7080,'2021-02-10 00:24:14','2021-02-10 00:24:14'),(437,'Lori Kuhlman','lori-kuhlman','ARE OLD, FATHER WILLIAM,\"\' said the Caterpillar. Alice said with some curiosity. \'What a curious croquet-ground in her brother\'s Latin Grammar, \'A mouse--of a mouse--to a mouse--a mouse--O mouse!\').',9814,'2021-02-10 00:24:14','2021-02-10 00:24:14'),(438,'Emmy Kiehn','emmy-kiehn','Hatter: and in THAT direction,\' the Cat again, sitting on the trumpet, and called out \'The Queen! The Queen!\' and the procession came opposite to Alice, \'Have you guessed the riddle yet?\' the Hatter.',3614,'2021-02-10 00:24:14','2021-02-10 00:24:14'),(439,'Aniya Kreiger','aniya-kreiger','So Bill\'s got to see the earth takes twenty-four hours to turn round on its axis--\' \'Talking of axes,\' said the Hatter. \'I told you butter wouldn\'t suit the works!\' he added in an angry voice--the.',7263,'2021-02-10 00:24:14','2021-02-10 00:24:14'),(440,'Benjamin Torphy','benjamin-torphy','Alice, (she had grown so large in the back. However, it was an immense length of neck, which seemed to her that she had nothing yet,\' Alice replied very readily: \'but that\'s because it stays the.',5941,'2021-02-10 00:24:14','2021-02-10 00:24:14'),(441,'Dr. Nash Mertz DDS','dr-nash-mertz-dds','Bill,\' thought Alice,) \'Well, I shan\'t go, at any rate a book of rules for shutting people up like a Jack-in-the-box, and up the fan and gloves--that is, if I would talk on such a thing. After a.',5084,'2021-02-10 00:24:14','2021-02-10 00:24:14'),(442,'Logan Aufderhar','logan-aufderhar','Forty-two. ALL PERSONS MORE THAN A MILE HIGH TO LEAVE THE COURT.\' Everybody looked at Alice. \'I\'M not a moment like a sky-rocket!\' \'So you did, old fellow!\' said the Gryphon. \'I\'ve forgotten the.',3919,'2021-02-10 00:24:14','2021-02-10 00:24:14'),(443,'Ceasar Bashirian','ceasar-bashirian','YOU with us!\"\' \'They were obliged to have any pepper in my life!\' She had just upset the milk-jug into his plate. Alice did not at all this time. \'I want a clean cup,\' interrupted the Gryphon. \'Of.',3438,'2021-02-10 00:24:14','2021-02-10 00:24:14'),(444,'Aurelio Ferry','aurelio-ferry','WOULD go with Edgar Atheling to meet William and offer him the crown. William\'s conduct at first she would feel very sleepy and stupid), whether the pleasure of making a daisy-chain would be a queer.',1967,'2021-02-10 00:24:14','2021-02-10 00:24:14'),(445,'Miss Leatha Friesen','miss-leatha-friesen','She was moving them about as much use in waiting by the officers of the house, \"Let us both go to on the shingle--will you come to the other: he came trotting along in a melancholy tone: \'it doesn\'t.',7925,'2021-02-10 00:24:14','2021-02-10 00:24:14'),(446,'Caesar Reilly','caesar-reilly','I\'ll kick you down stairs!\' \'That is not said right,\' said the Hatter: \'as the things get used up.\' \'But what did the Dormouse again, so violently, that she did not come the same thing as \"I sleep.',4908,'2021-02-10 00:24:14','2021-02-10 00:24:14'),(447,'Rose Herzog','rose-herzog','Rabbit hastily interrupted. \'There\'s a great deal to ME,\' said Alice desperately: \'he\'s perfectly idiotic!\' And she began looking at Alice the moment she quite forgot you didn\'t like cats.\' \'Not.',3884,'2021-02-10 00:24:14','2021-02-10 00:24:14'),(448,'Brandyn Dibbert','brandyn-dibbert','Normans--\" How are you getting on?\' said Alice, timidly; \'some of the room. The cook threw a frying-pan after her as she went on, half to itself, \'Oh dear! Oh dear! I\'d nearly forgotten to ask.\' \'It.',7561,'2021-02-10 00:24:14','2021-02-10 00:24:14'),(449,'Brandy O\'Keefe','brandy-okeefe','However, the Multiplication Table doesn\'t signify: let\'s try Geography. London is the capital of Paris, and Paris is the same thing,\' said the Dormouse; \'VERY ill.\' Alice tried to speak, and no one.',1503,'2021-02-10 00:24:14','2021-02-10 00:24:14'),(450,'Ismael Cassin','ismael-cassin','Mock Turtle went on again:-- \'You may not have lived much under the hedge. In another minute the whole pack rose up into a pig, and she tried hard to whistle to it; but she remembered how small she.',1744,'2021-02-10 00:24:14','2021-02-10 00:24:14'),(451,'Delta Muller','delta-muller','I\'d been the whiting,\' said the Queen. \'It proves nothing of tumbling down stairs! How brave they\'ll all think me for asking! No, it\'ll never do to ask: perhaps I shall have some fun now!\' thought.',2869,'2021-02-10 00:24:14','2021-02-10 00:24:14'),(452,'Cletus Schneider','cletus-schneider','There was certainly too much frightened to say than his first remark, \'It was a good deal until she made it out to be managed? I suppose Dinah\'ll be sending me on messages next!\' And she went on.',2988,'2021-02-10 00:24:14','2021-02-10 00:24:14'),(453,'Marc Funk','marc-funk','Alice hastily; \'but I\'m not myself, you see.\' \'I don\'t much care where--\' said Alice. \'Why, there they lay sprawling about, reminding her very earnestly, \'Now, Dinah, tell me your history, she do.\'.',1209,'2021-02-10 00:24:14','2021-02-10 00:24:14'),(454,'Miss Kacie Halvorson','miss-kacie-halvorson','However, the Multiplication Table doesn\'t signify: let\'s try Geography. London is the same age as herself, to see that the best thing to eat or drink under the door; so either way I\'ll get into that.',4917,'2021-02-10 00:24:14','2021-02-10 00:24:14'),(455,'Seth Bins','seth-bins','Alice quietly said, just as usual. \'Come, there\'s half my plan done now! How puzzling all these strange Adventures of hers that you never to lose YOUR temper!\' \'Hold your tongue!\' said the Duchess.',9036,'2021-02-10 00:24:14','2021-02-10 00:24:14'),(456,'Verlie Bosco','verlie-bosco','She waited for some time with the bread-and-butter getting so far off). \'Oh, my poor little thing was snorting like a stalk out of sight. Alice remained looking thoughtfully at the White Rabbit read.',1455,'2021-02-10 00:24:14','2021-02-10 00:24:14'),(457,'Dr. Patsy Lubowitz DDS','dr-patsy-lubowitz-dds','I should like to try the experiment?\' \'HE might bite,\' Alice cautiously replied: \'but I haven\'t had a large pigeon had flown into her eyes; and once again the tiny hands were clasped upon her knee.',2984,'2021-02-10 00:24:14','2021-02-10 00:24:14'),(458,'Prof. Alfredo Kozey PhD','prof-alfredo-kozey-phd','Majesty,\' the Hatter instead!\' CHAPTER VII. A Mad Tea-Party There was nothing on it (as she had been of late much accustomed to usurpation and conquest. Edwin and Morcar, the earls of Mercia and.',4233,'2021-02-10 00:24:14','2021-02-10 00:24:14'),(459,'Aida Kunde III','aida-kunde-iii','Dormouse, who seemed to quiver all over their slates; \'but it doesn\'t matter a bit,\' she thought of herself, \'I wonder what they WILL do next! As for pulling me out of a dance is it?\' The Gryphon.',5285,'2021-02-10 00:24:14','2021-02-10 00:24:14'),(460,'Deangelo Schoen','deangelo-schoen','SOME change in my own tears! That WILL be a person of authority over Alice. \'Stand up and picking the daisies, when suddenly a footman because he was gone, and, by the way, and then unrolled the.',4287,'2021-02-10 00:24:14','2021-02-10 00:24:14'),(461,'Brando Nienow','brando-nienow','Gryphon. \'It all came different!\' Alice replied very politely, \'for I never was so much frightened that she tipped over the jury-box with the Queen added to one of them.\' In another minute the whole.',2753,'2021-02-10 00:24:14','2021-02-10 00:24:14'),(462,'Dr. Adam Kuhn','dr-adam-kuhn','Duchess, \'chop off her knowledge, as there was no time she\'d have everybody executed, all round. \'But she must have got in your pocket?\' he went on, \'that they\'d let Dinah stop in the sky. Twinkle.',4410,'2021-02-10 00:24:14','2021-02-10 00:24:14'),(463,'Mckenna Fadel','mckenna-fadel','VERY tired of being all alone here!\' As she said this she looked down, was an uncomfortably sharp chin. However, she did not like to go with the tea,\' the Hatter with a little shriek, and went back.',8555,'2021-02-10 00:24:14','2021-02-10 00:24:14'),(464,'Buford Powlowski PhD','buford-powlowski-phd','While she was beginning very angrily, but the Dodo managed it.) First it marked out a new pair of white kid gloves: she took up the fan and gloves. \'How queer it seems,\' Alice said to herself, \'Why.',6534,'2021-02-10 00:24:14','2021-02-10 00:24:14'),(465,'Cody Swaniawski','cody-swaniawski','Dormouse into the Dormouse\'s place, and Alice joined the procession, wondering very much to-night, I should be free of them with one of the jury consider their verdict,\' the King and the pattern on.',5529,'2021-02-10 00:24:14','2021-02-10 00:24:14'),(466,'Kara Gleason','kara-gleason','He says it kills all the arches are gone from this morning,\' said Alice timidly. \'Would you like the right way of keeping up the chimney, and said to live. \'I\'ve seen hatters before,\' she said to.',8926,'2021-02-10 00:24:14','2021-02-10 00:24:14'),(467,'Mrs. Araceli Rosenbaum DVM','mrs-araceli-rosenbaum-dvm','White Rabbit. She was moving them about as curious as it could go, and making faces at him as he could go. Alice took up the other, saying, in a low, weak voice. \'Now, I give you fair warning,\'.',8864,'2021-02-10 00:24:14','2021-02-10 00:24:14'),(468,'Prof. Jensen Bechtelar','prof-jensen-bechtelar','I\'ve seen that done,\' thought Alice. \'I\'m glad they don\'t seem to be\"--or if you\'d rather not.\' \'We indeed!\' cried the Mouse, getting up and to hear his history. I must go and live in that soup!\'.',5096,'2021-02-10 00:24:14','2021-02-10 00:24:14'),(469,'Ulises Predovic I','ulises-predovic-i','Dinah! I wonder what Latitude was, or Longitude I\'ve got to see what I should think!\' (Dinah was the Duchess\'s cook. She carried the pepper-box in her hand, and made another snatch in the house, and.',8659,'2021-02-10 00:24:14','2021-02-10 00:24:14'),(470,'Mrs. Marcelle Strosin','mrs-marcelle-strosin','Gryphon is, look at it!\' This speech caused a remarkable sensation among the leaves, which she had never left off writing on his knee, and looking anxiously about her. \'Oh, do let me help to undo.',3478,'2021-02-10 00:24:14','2021-02-10 00:24:14'),(471,'Dr. Dereck Casper','dr-dereck-casper','KNOW IT TO BE TRUE--\" that\'s the jury-box,\' thought Alice, \'they\'re sure to do it! Oh dear! I\'d nearly forgotten that I\'ve got to grow up any more if you\'d rather not.\' \'We indeed!\' cried the.',9380,'2021-02-10 00:24:14','2021-02-10 00:24:14'),(472,'Lillie Satterfield PhD','lillie-satterfield-phd','Alice had learnt several things of this remark, and thought to herself. \'Of the mushroom,\' said the Mouse, getting up and bawled out, \"He\'s murdering the time! Off with his knuckles. It was the.',4179,'2021-02-10 00:24:14','2021-02-10 00:24:14'),(473,'Quinton Hegmann V','quinton-hegmann-v','I know?\' said Alice, (she had grown so large a house, that she tipped over the wig, (look at the door--I do wish I could not stand, and she hastily dried her eyes filled with cupboards and.',1899,'2021-02-10 00:24:14','2021-02-10 00:24:14'),(474,'Carissa Lowe V','carissa-lowe-v','Alice; \'but a grin without a porpoise.\' \'Wouldn\'t it really?\' said Alice to herself, \'to be going messages for a baby: altogether Alice did not like to hear the name \'W. RABBIT\' engraved upon it.',2752,'2021-02-10 00:24:14','2021-02-10 00:24:14'),(475,'Brittany Block','brittany-block','Lizard as she picked her way out. \'I shall sit here,\' he said, \'on and off, for days and days.\' \'But what am I then? Tell me that first, and then, \'we went to the shore, and then another confusion.',8776,'2021-02-10 00:24:14','2021-02-10 00:24:14'),(476,'Onie Gerlach','onie-gerlach','I do so like that curious song about the same year for such a hurry that she began nursing her child again, singing a sort of present!\' thought Alice. One of the Queen\'s absence, and were resting in.',5435,'2021-02-10 00:24:14','2021-02-10 00:24:14'),(477,'Aubrey Johnson IV','aubrey-johnson-iv','It\'s the most confusing thing I ever saw in another moment it was only sobbing,\' she thought, and looked at poor Alice, that she had grown in the kitchen. \'When I\'M a Duchess,\' she said to Alice.',3977,'2021-02-10 00:24:14','2021-02-10 00:24:14'),(478,'Mya Rohan IV','mya-rohan-iv','Gryphon; and then treading on my tail. See how eagerly the lobsters and the other paw, \'lives a March Hare. \'I didn\'t know how to begin.\' For, you see, Miss, this here ought to speak, but for a long.',3744,'2021-02-10 00:24:14','2021-02-10 00:24:14'),(479,'Ms. Carolanne Spinka','ms-carolanne-spinka','WHAT? The other guests had taken advantage of the court. (As that is enough,\' Said his father; \'don\'t give yourself airs! Do you think, at your age, it is to find that she began very cautiously.',9065,'2021-02-10 00:24:14','2021-02-10 00:24:14'),(480,'Sydney McKenzie','sydney-mckenzie','Gryphon answered, very nearly getting up and went on muttering over the fire, and at once and put it in less than no time to hear his history. I must be a letter, written by the Queen never left off.',1860,'2021-02-10 00:24:14','2021-02-10 00:24:14'),(481,'Daniella Stoltenberg MD','daniella-stoltenberg-md','Rabbit-Hole Alice was beginning very angrily, but the Gryphon replied rather impatiently: \'any shrimp could have been changed several times since then.\' \'What do you know I\'m mad?\' said Alice. \'And.',3829,'2021-02-10 00:24:14','2021-02-10 00:24:14'),(482,'Odell Cassin','odell-cassin','Why, there\'s hardly room for YOU, and no more to do with this creature when I find a pleasure in all their simple sorrows, and find a thing,\' said the Dodo, pointing to Alice severely. \'What are you.',9393,'2021-02-10 00:24:14','2021-02-10 00:24:14'),(483,'Dr. Margaret Walter','dr-margaret-walter','King, and the others looked round also, and all sorts of things, and she, oh! she knows such a neck as that! No, no! You\'re a serpent; and there\'s no use their putting their heads downward! The.',9223,'2021-02-10 00:24:14','2021-02-10 00:24:14'),(484,'Jimmie Berge','jimmie-berge','And when I got up and picking the daisies, when suddenly a White Rabbit read:-- \'They told me you had been anything near the centre of the court. All this time with great curiosity. \'Soles and eels.',9889,'2021-02-10 00:24:14','2021-02-10 00:24:14'),(485,'Ellis Homenick','ellis-homenick','She was a large piece out of its mouth and began to cry again, for really I\'m quite tired and out of sight, he said in a low, hurried tone. He looked at it again: but he now hastily began again.',9869,'2021-02-10 00:24:14','2021-02-10 00:24:14'),(486,'Mathilde Runolfsson','mathilde-runolfsson','Gryphon, \'that they WOULD put their heads downward! The Antipathies, I think--\' (for, you see, so many out-of-the-way things had happened lately, that Alice quite hungry to look over their.',3336,'2021-02-10 00:24:14','2021-02-10 00:24:14'),(487,'Monserrate Beier MD','monserrate-beier-md','Dormouse said--\' the Hatter asked triumphantly. Alice did not like to try the effect: the next moment she quite forgot you didn\'t sign it,\' said Alice in a furious passion, and went stamping about.',4641,'2021-02-10 00:24:14','2021-02-10 00:24:14'),(488,'Sonny Hahn','sonny-hahn','Hatter replied. \'Of course it was,\' said the March Hare said in a natural way. \'I thought it would be very likely it can talk: at any rate he might answer questions.--How am I to get in?\' she.',3209,'2021-02-10 00:24:14','2021-02-10 00:24:14'),(489,'Dr. Enoch Conn','dr-enoch-conn','The Rabbit Sends in a hurry that she was about a thousand times as large as the large birds complained that they couldn\'t get them out of the leaves: \'I should think you could only hear whispers now.',7784,'2021-02-10 00:24:14','2021-02-10 00:24:14'),(490,'Jared Conroy','jared-conroy','Alice: \'--where\'s the Duchess?\' \'Hush! Hush!\' said the Cat, and vanished. Alice was so ordered about in all my limbs very supple By the use of this sort of way to change the subject. \'Go on with the.',6640,'2021-02-10 00:24:14','2021-02-10 00:24:14'),(491,'Dorris Wyman MD','dorris-wyman-md','Queen, stamping on the ground as she had a VERY turn-up nose, much more like a wild beast, screamed \'Off with their heads downward! The Antipathies, I think--\' (she was rather doubtful whether she.',8090,'2021-02-10 00:24:14','2021-02-10 00:24:14'),(492,'Dr. Rigoberto Larkin I','dr-rigoberto-larkin-i','Then came a little timidly, \'why you are very dull!\' \'You ought to eat the comfits: this caused some noise and confusion, as the March Hare: she thought it over here,\' said the Hatter: \'as the.',8145,'2021-02-10 00:24:14','2021-02-10 00:24:14'),(493,'Mr. Scot Quitzon','mr-scot-quitzon','Don\'t let me help to undo it!\' \'I shall do nothing of the leaves: \'I should like to show you! A little bright-eyed terrier, you know, with oh, such long ringlets, and mine doesn\'t go in ringlets at.',3793,'2021-02-10 00:24:14','2021-02-10 00:24:14'),(494,'Alverta Eichmann','alverta-eichmann','At this moment the door opened inwards, and Alice\'s first thought was that it made Alice quite hungry to look down and saying \"Come up again, dear!\" I shall ever see you again, you dear old thing!\'.',8189,'2021-02-10 00:24:14','2021-02-10 00:24:14'),(495,'Korey Ortiz','korey-ortiz','Don\'t be all day to such stuff? Be off, or I\'ll have you got in as well,\' the Hatter replied. \'Of course not,\' said Alice sharply, for she felt that she knew the right house, because the chimneys.',9111,'2021-02-10 00:24:14','2021-02-10 00:24:14'),(496,'Mr. Geovanny Lockman V','mr-geovanny-lockman-v','However, she soon made out what it was: at first she thought it had a VERY turn-up nose, much more like a telescope! I think I must be Mabel after all, and I shall be late!\' (when she thought of.',3950,'2021-02-10 00:24:14','2021-02-10 00:24:14'),(497,'Izabella Goodwin IV','izabella-goodwin-iv','March Hare took the hookah into its mouth again, and said, without opening its eyes, for it flashed across her mind that she hardly knew what she was ever to get in at the Lizard as she leant.',2184,'2021-02-10 00:24:14','2021-02-10 00:24:14'),(498,'Providenci Greenholt','providenci-greenholt','March Hare had just succeeded in getting its body tucked away, comfortably enough, under her arm, with its legs hanging down, but generally, just as well say,\' added the March Hare. Visit either you.',2852,'2021-02-10 00:24:14','2021-02-10 00:24:14'),(499,'Bobby Spinka','bobby-spinka','I\'ll get into that lovely garden. I think that very few little girls of her favourite word \'moral,\' and the pattern on their slates, and she at once and put it in large letters. It was as steady as.',7796,'2021-02-10 00:24:14','2021-02-10 00:24:14'),(500,'Rita Daniel','rita-daniel','MINE.\' The Queen smiled and passed on. \'Who ARE you doing out here? Run home this moment, and fetch me a good opportunity for repeating his remark, with variations. \'I shall sit here,\' he said, \'on.',4233,'2021-02-10 00:24:14','2021-02-10 00:24:14');
/*!40000 ALTER TABLE `products` ENABLE KEYS */;
UNLOCK TABLES;

--
-- Table structure for table `stocks`
--

DROP TABLE IF EXISTS `stocks`;
/*!40101 SET @saved_cs_client     = @@character_set_client */;
/*!40101 SET character_set_client = utf8 */;
CREATE TABLE `stocks` (
  `id` bigint(20) unsigned NOT NULL AUTO_INCREMENT,
  `quantity` int(10) unsigned NOT NULL,
  `product_variation_id` bigint(20) unsigned DEFAULT NULL,
  `created_at` timestamp NULL DEFAULT NULL,
  `updated_at` timestamp NULL DEFAULT NULL,
  PRIMARY KEY (`id`),
  KEY `stocks_product_variation_id_foreign` (`product_variation_id`),
  CONSTRAINT `stocks_product_variation_id_foreign` FOREIGN KEY (`product_variation_id`) REFERENCES `product_variations` (`id`) ON DELETE CASCADE
) ENGINE=InnoDB AUTO_INCREMENT=401 DEFAULT CHARSET=utf8mb4 COLLATE=utf8mb4_unicode_ci;
/*!40101 SET character_set_client = @saved_cs_client */;

--
-- Dumping data for table `stocks`
--

LOCK TABLES `stocks` WRITE;
/*!40000 ALTER TABLE `stocks` DISABLE KEYS */;
INSERT INTO `stocks` VALUES (1,10,1,'2021-02-10 00:24:10','2021-02-10 00:24:10'),(2,10,2,'2021-02-10 00:24:10','2021-02-10 00:24:10'),(3,10,3,'2021-02-10 00:24:10','2021-02-10 00:24:10'),(4,10,4,'2021-02-10 00:24:10','2021-02-10 00:24:10'),(5,10,5,'2021-02-10 00:24:10','2021-02-10 00:24:10'),(6,10,6,'2021-02-10 00:24:10','2021-02-10 00:24:10'),(7,10,7,'2021-02-10 00:24:10','2021-02-10 00:24:10'),(8,10,8,'2021-02-10 00:24:10','2021-02-10 00:24:10'),(9,10,9,'2021-02-10 00:24:10','2021-02-10 00:24:10'),(10,10,10,'2021-02-10 00:24:10','2021-02-10 00:24:10'),(11,10,11,'2021-02-10 00:24:10','2021-02-10 00:24:10'),(12,10,12,'2021-02-10 00:24:10','2021-02-10 00:24:10'),(13,10,13,'2021-02-10 00:24:10','2021-02-10 00:24:10'),(14,10,14,'2021-02-10 00:24:10','2021-02-10 00:24:10'),(15,10,15,'2021-02-10 00:24:10','2021-02-10 00:24:10'),(16,10,16,'2021-02-10 00:24:10','2021-02-10 00:24:10'),(17,10,17,'2021-02-10 00:24:10','2021-02-10 00:24:10'),(18,10,18,'2021-02-10 00:24:10','2021-02-10 00:24:10'),(19,10,19,'2021-02-10 00:24:10','2021-02-10 00:24:10'),(20,10,20,'2021-02-10 00:24:10','2021-02-10 00:24:10'),(21,10,21,'2021-02-10 00:24:10','2021-02-10 00:24:10'),(22,10,22,'2021-02-10 00:24:10','2021-02-10 00:24:10'),(23,10,23,'2021-02-10 00:24:10','2021-02-10 00:24:10'),(24,10,24,'2021-02-10 00:24:10','2021-02-10 00:24:10'),(25,10,25,'2021-02-10 00:24:10','2021-02-10 00:24:10'),(26,10,26,'2021-02-10 00:24:10','2021-02-10 00:24:10'),(27,10,27,'2021-02-10 00:24:10','2021-02-10 00:24:10'),(28,10,28,'2021-02-10 00:24:10','2021-02-10 00:24:10'),(29,10,29,'2021-02-10 00:24:10','2021-02-10 00:24:10'),(30,10,30,'2021-02-10 00:24:10','2021-02-10 00:24:10'),(31,10,31,'2021-02-10 00:24:10','2021-02-10 00:24:10'),(32,10,32,'2021-02-10 00:24:10','2021-02-10 00:24:10'),(33,10,33,'2021-02-10 00:24:10','2021-02-10 00:24:10'),(34,10,34,'2021-02-10 00:24:10','2021-02-10 00:24:10'),(35,10,35,'2021-02-10 00:24:10','2021-02-10 00:24:10'),(36,10,36,'2021-02-10 00:24:10','2021-02-10 00:24:10'),(37,10,37,'2021-02-10 00:24:10','2021-02-10 00:24:10'),(38,10,38,'2021-02-10 00:24:10','2021-02-10 00:24:10'),(39,10,39,'2021-02-10 00:24:10','2021-02-10 00:24:10'),(40,10,40,'2021-02-10 00:24:10','2021-02-10 00:24:10'),(41,10,41,'2021-02-10 00:24:11','2021-02-10 00:24:11'),(42,10,42,'2021-02-10 00:24:11','2021-02-10 00:24:11'),(43,10,43,'2021-02-10 00:24:11','2021-02-10 00:24:11'),(44,10,44,'2021-02-10 00:24:11','2021-02-10 00:24:11'),(45,10,45,'2021-02-10 00:24:11','2021-02-10 00:24:11'),(46,10,46,'2021-02-10 00:24:11','2021-02-10 00:24:11'),(47,10,47,'2021-02-10 00:24:11','2021-02-10 00:24:11'),(48,10,48,'2021-02-10 00:24:11','2021-02-10 00:24:11'),(49,10,49,'2021-02-10 00:24:11','2021-02-10 00:24:11'),(50,10,50,'2021-02-10 00:24:11','2021-02-10 00:24:11'),(51,10,51,'2021-02-10 00:24:11','2021-02-10 00:24:11'),(52,10,52,'2021-02-10 00:24:11','2021-02-10 00:24:11'),(53,10,53,'2021-02-10 00:24:11','2021-02-10 00:24:11'),(54,10,54,'2021-02-10 00:24:11','2021-02-10 00:24:11'),(55,10,55,'2021-02-10 00:24:11','2021-02-10 00:24:11'),(56,10,56,'2021-02-10 00:24:11','2021-02-10 00:24:11'),(57,10,57,'2021-02-10 00:24:11','2021-02-10 00:24:11'),(58,10,58,'2021-02-10 00:24:11','2021-02-10 00:24:11'),(59,10,59,'2021-02-10 00:24:11','2021-02-10 00:24:11'),(60,10,60,'2021-02-10 00:24:11','2021-02-10 00:24:11'),(61,10,61,'2021-02-10 00:24:11','2021-02-10 00:24:11'),(62,10,62,'2021-02-10 00:24:11','2021-02-10 00:24:11'),(63,10,63,'2021-02-10 00:24:11','2021-02-10 00:24:11'),(64,10,64,'2021-02-10 00:24:11','2021-02-10 00:24:11'),(65,10,65,'2021-02-10 00:24:11','2021-02-10 00:24:11'),(66,10,66,'2021-02-10 00:24:11','2021-02-10 00:24:11'),(67,10,67,'2021-02-10 00:24:11','2021-02-10 00:24:11'),(68,10,68,'2021-02-10 00:24:11','2021-02-10 00:24:11'),(69,10,69,'2021-02-10 00:24:11','2021-02-10 00:24:11'),(70,10,70,'2021-02-10 00:24:11','2021-02-10 00:24:11'),(71,10,71,'2021-02-10 00:24:11','2021-02-10 00:24:11'),(72,10,72,'2021-02-10 00:24:11','2021-02-10 00:24:11'),(73,10,73,'2021-02-10 00:24:11','2021-02-10 00:24:11'),(74,10,74,'2021-02-10 00:24:11','2021-02-10 00:24:11'),(75,10,75,'2021-02-10 00:24:11','2021-02-10 00:24:11'),(76,10,76,'2021-02-10 00:24:11','2021-02-10 00:24:11'),(77,10,77,'2021-02-10 00:24:11','2021-02-10 00:24:11'),(78,10,78,'2021-02-10 00:24:11','2021-02-10 00:24:11'),(79,10,79,'2021-02-10 00:24:11','2021-02-10 00:24:11'),(80,10,80,'2021-02-10 00:24:11','2021-02-10 00:24:11'),(81,10,81,'2021-02-10 00:24:11','2021-02-10 00:24:11'),(82,10,82,'2021-02-10 00:24:11','2021-02-10 00:24:11'),(83,10,83,'2021-02-10 00:24:11','2021-02-10 00:24:11'),(84,10,84,'2021-02-10 00:24:11','2021-02-10 00:24:11'),(85,10,85,'2021-02-10 00:24:11','2021-02-10 00:24:11'),(86,10,86,'2021-02-10 00:24:11','2021-02-10 00:24:11'),(87,10,87,'2021-02-10 00:24:11','2021-02-10 00:24:11'),(88,10,88,'2021-02-10 00:24:11','2021-02-10 00:24:11'),(89,10,89,'2021-02-10 00:24:11','2021-02-10 00:24:11'),(90,10,90,'2021-02-10 00:24:11','2021-02-10 00:24:11'),(91,10,91,'2021-02-10 00:24:11','2021-02-10 00:24:11'),(92,10,92,'2021-02-10 00:24:11','2021-02-10 00:24:11'),(93,10,93,'2021-02-10 00:24:11','2021-02-10 00:24:11'),(94,10,94,'2021-02-10 00:24:11','2021-02-10 00:24:11'),(95,10,95,'2021-02-10 00:24:11','2021-02-10 00:24:11'),(96,10,96,'2021-02-10 00:24:11','2021-02-10 00:24:11'),(97,10,97,'2021-02-10 00:24:11','2021-02-10 00:24:11'),(98,10,98,'2021-02-10 00:24:11','2021-02-10 00:24:11'),(99,10,99,'2021-02-10 00:24:11','2021-02-10 00:24:11'),(100,10,100,'2021-02-10 00:24:11','2021-02-10 00:24:11'),(101,10,101,'2021-02-10 00:24:11','2021-02-10 00:24:11'),(102,10,102,'2021-02-10 00:24:11','2021-02-10 00:24:11'),(103,10,103,'2021-02-10 00:24:11','2021-02-10 00:24:11'),(104,10,104,'2021-02-10 00:24:11','2021-02-10 00:24:11'),(105,10,105,'2021-02-10 00:24:11','2021-02-10 00:24:11'),(106,10,106,'2021-02-10 00:24:11','2021-02-10 00:24:11'),(107,10,107,'2021-02-10 00:24:11','2021-02-10 00:24:11'),(108,10,108,'2021-02-10 00:24:11','2021-02-10 00:24:11'),(109,10,109,'2021-02-10 00:24:11','2021-02-10 00:24:11'),(110,10,110,'2021-02-10 00:24:11','2021-02-10 00:24:11'),(111,10,111,'2021-02-10 00:24:11','2021-02-10 00:24:11'),(112,10,112,'2021-02-10 00:24:11','2021-02-10 00:24:11'),(113,10,113,'2021-02-10 00:24:11','2021-02-10 00:24:11'),(114,10,114,'2021-02-10 00:24:11','2021-02-10 00:24:11'),(115,10,115,'2021-02-10 00:24:11','2021-02-10 00:24:11'),(116,10,116,'2021-02-10 00:24:11','2021-02-10 00:24:11'),(117,10,117,'2021-02-10 00:24:11','2021-02-10 00:24:11'),(118,10,118,'2021-02-10 00:24:11','2021-02-10 00:24:11'),(119,10,119,'2021-02-10 00:24:11','2021-02-10 00:24:11'),(120,10,120,'2021-02-10 00:24:11','2021-02-10 00:24:11'),(121,10,121,'2021-02-10 00:24:11','2021-02-10 00:24:11'),(122,10,122,'2021-02-10 00:24:11','2021-02-10 00:24:11'),(123,10,123,'2021-02-10 00:24:11','2021-02-10 00:24:11'),(124,10,124,'2021-02-10 00:24:11','2021-02-10 00:24:11'),(125,10,125,'2021-02-10 00:24:11','2021-02-10 00:24:11'),(126,10,126,'2021-02-10 00:24:11','2021-02-10 00:24:11'),(127,10,127,'2021-02-10 00:24:11','2021-02-10 00:24:11'),(128,10,128,'2021-02-10 00:24:11','2021-02-10 00:24:11'),(129,10,129,'2021-02-10 00:24:12','2021-02-10 00:24:12'),(130,10,130,'2021-02-10 00:24:12','2021-02-10 00:24:12'),(131,10,131,'2021-02-10 00:24:12','2021-02-10 00:24:12'),(132,10,132,'2021-02-10 00:24:12','2021-02-10 00:24:12'),(133,10,133,'2021-02-10 00:24:12','2021-02-10 00:24:12'),(134,10,134,'2021-02-10 00:24:12','2021-02-10 00:24:12'),(135,10,135,'2021-02-10 00:24:12','2021-02-10 00:24:12'),(136,10,136,'2021-02-10 00:24:12','2021-02-10 00:24:12'),(137,10,137,'2021-02-10 00:24:12','2021-02-10 00:24:12'),(138,10,138,'2021-02-10 00:24:12','2021-02-10 00:24:12'),(139,10,139,'2021-02-10 00:24:12','2021-02-10 00:24:12'),(140,10,140,'2021-02-10 00:24:12','2021-02-10 00:24:12'),(141,10,141,'2021-02-10 00:24:12','2021-02-10 00:24:12'),(142,10,142,'2021-02-10 00:24:12','2021-02-10 00:24:12'),(143,10,143,'2021-02-10 00:24:12','2021-02-10 00:24:12'),(144,10,144,'2021-02-10 00:24:12','2021-02-10 00:24:12'),(145,10,145,'2021-02-10 00:24:12','2021-02-10 00:24:12'),(146,10,146,'2021-02-10 00:24:12','2021-02-10 00:24:12'),(147,10,147,'2021-02-10 00:24:12','2021-02-10 00:24:12'),(148,10,148,'2021-02-10 00:24:12','2021-02-10 00:24:12'),(149,10,149,'2021-02-10 00:24:12','2021-02-10 00:24:12'),(150,10,150,'2021-02-10 00:24:12','2021-02-10 00:24:12'),(151,10,151,'2021-02-10 00:24:12','2021-02-10 00:24:12'),(152,10,152,'2021-02-10 00:24:12','2021-02-10 00:24:12'),(153,10,153,'2021-02-10 00:24:12','2021-02-10 00:24:12'),(154,10,154,'2021-02-10 00:24:12','2021-02-10 00:24:12'),(155,10,155,'2021-02-10 00:24:12','2021-02-10 00:24:12'),(156,10,156,'2021-02-10 00:24:12','2021-02-10 00:24:12'),(157,10,157,'2021-02-10 00:24:12','2021-02-10 00:24:12'),(158,10,158,'2021-02-10 00:24:12','2021-02-10 00:24:12'),(159,10,159,'2021-02-10 00:24:12','2021-02-10 00:24:12'),(160,10,160,'2021-02-10 00:24:12','2021-02-10 00:24:12'),(161,10,161,'2021-02-10 00:24:12','2021-02-10 00:24:12'),(162,10,162,'2021-02-10 00:24:12','2021-02-10 00:24:12'),(163,10,163,'2021-02-10 00:24:12','2021-02-10 00:24:12'),(164,10,164,'2021-02-10 00:24:12','2021-02-10 00:24:12'),(165,10,165,'2021-02-10 00:24:12','2021-02-10 00:24:12'),(166,10,166,'2021-02-10 00:24:12','2021-02-10 00:24:12'),(167,10,167,'2021-02-10 00:24:12','2021-02-10 00:24:12'),(168,10,168,'2021-02-10 00:24:12','2021-02-10 00:24:12'),(169,10,169,'2021-02-10 00:24:12','2021-02-10 00:24:12'),(170,10,170,'2021-02-10 00:24:12','2021-02-10 00:24:12'),(171,10,171,'2021-02-10 00:24:12','2021-02-10 00:24:12'),(172,10,172,'2021-02-10 00:24:12','2021-02-10 00:24:12'),(173,10,173,'2021-02-10 00:24:12','2021-02-10 00:24:12'),(174,10,174,'2021-02-10 00:24:12','2021-02-10 00:24:12'),(175,10,175,'2021-02-10 00:24:12','2021-02-10 00:24:12'),(176,10,176,'2021-02-10 00:24:12','2021-02-10 00:24:12'),(177,10,177,'2021-02-10 00:24:12','2021-02-10 00:24:12'),(178,10,178,'2021-02-10 00:24:12','2021-02-10 00:24:12'),(179,10,179,'2021-02-10 00:24:12','2021-02-10 00:24:12'),(180,10,180,'2021-02-10 00:24:12','2021-02-10 00:24:12'),(181,10,181,'2021-02-10 00:24:12','2021-02-10 00:24:12'),(182,10,182,'2021-02-10 00:24:12','2021-02-10 00:24:12'),(183,10,183,'2021-02-10 00:24:12','2021-02-10 00:24:12'),(184,10,184,'2021-02-10 00:24:12','2021-02-10 00:24:12'),(185,10,185,'2021-02-10 00:24:12','2021-02-10 00:24:12'),(186,10,186,'2021-02-10 00:24:12','2021-02-10 00:24:12'),(187,10,187,'2021-02-10 00:24:12','2021-02-10 00:24:12'),(188,10,188,'2021-02-10 00:24:12','2021-02-10 00:24:12'),(189,10,189,'2021-02-10 00:24:12','2021-02-10 00:24:12'),(190,10,190,'2021-02-10 00:24:12','2021-02-10 00:24:12'),(191,10,191,'2021-02-10 00:24:12','2021-02-10 00:24:12'),(192,10,192,'2021-02-10 00:24:12','2021-02-10 00:24:12'),(193,10,193,'2021-02-10 00:24:12','2021-02-10 00:24:12'),(194,10,194,'2021-02-10 00:24:12','2021-02-10 00:24:12'),(195,10,195,'2021-02-10 00:24:12','2021-02-10 00:24:12'),(196,10,196,'2021-02-10 00:24:12','2021-02-10 00:24:12'),(197,10,197,'2021-02-10 00:24:12','2021-02-10 00:24:12'),(198,10,198,'2021-02-10 00:24:12','2021-02-10 00:24:12'),(199,10,199,'2021-02-10 00:24:12','2021-02-10 00:24:12'),(200,10,200,'2021-02-10 00:24:12','2021-02-10 00:24:12'),(201,10,201,'2021-02-10 00:24:12','2021-02-10 00:24:12'),(202,10,202,'2021-02-10 00:24:12','2021-02-10 00:24:12'),(203,10,203,'2021-02-10 00:24:12','2021-02-10 00:24:12'),(204,10,204,'2021-02-10 00:24:12','2021-02-10 00:24:12'),(205,10,205,'2021-02-10 00:24:12','2021-02-10 00:24:12'),(206,10,206,'2021-02-10 00:24:12','2021-02-10 00:24:12'),(207,10,207,'2021-02-10 00:24:12','2021-02-10 00:24:12'),(208,10,208,'2021-02-10 00:24:12','2021-02-10 00:24:12'),(209,10,209,'2021-02-10 00:24:12','2021-02-10 00:24:12'),(210,10,210,'2021-02-10 00:24:12','2021-02-10 00:24:12'),(211,10,211,'2021-02-10 00:24:12','2021-02-10 00:24:12'),(212,10,212,'2021-02-10 00:24:12','2021-02-10 00:24:12'),(213,10,213,'2021-02-10 00:24:12','2021-02-10 00:24:12'),(214,10,214,'2021-02-10 00:24:12','2021-02-10 00:24:12'),(215,10,215,'2021-02-10 00:24:12','2021-02-10 00:24:12'),(216,10,216,'2021-02-10 00:24:12','2021-02-10 00:24:12'),(217,10,217,'2021-02-10 00:24:12','2021-02-10 00:24:12'),(218,10,218,'2021-02-10 00:24:12','2021-02-10 00:24:12'),(219,10,219,'2021-02-10 00:24:12','2021-02-10 00:24:12'),(220,10,220,'2021-02-10 00:24:12','2021-02-10 00:24:12'),(221,10,221,'2021-02-10 00:24:12','2021-02-10 00:24:12'),(222,10,222,'2021-02-10 00:24:13','2021-02-10 00:24:13'),(223,10,223,'2021-02-10 00:24:13','2021-02-10 00:24:13'),(224,10,224,'2021-02-10 00:24:13','2021-02-10 00:24:13'),(225,10,225,'2021-02-10 00:24:13','2021-02-10 00:24:13'),(226,10,226,'2021-02-10 00:24:13','2021-02-10 00:24:13'),(227,10,227,'2021-02-10 00:24:13','2021-02-10 00:24:13'),(228,10,228,'2021-02-10 00:24:13','2021-02-10 00:24:13'),(229,10,229,'2021-02-10 00:24:13','2021-02-10 00:24:13'),(230,10,230,'2021-02-10 00:24:13','2021-02-10 00:24:13'),(231,10,231,'2021-02-10 00:24:13','2021-02-10 00:24:13'),(232,10,232,'2021-02-10 00:24:13','2021-02-10 00:24:13'),(233,10,233,'2021-02-10 00:24:13','2021-02-10 00:24:13'),(234,10,234,'2021-02-10 00:24:13','2021-02-10 00:24:13'),(235,10,235,'2021-02-10 00:24:13','2021-02-10 00:24:13'),(236,10,236,'2021-02-10 00:24:13','2021-02-10 00:24:13'),(237,10,237,'2021-02-10 00:24:13','2021-02-10 00:24:13'),(238,10,238,'2021-02-10 00:24:13','2021-02-10 00:24:13'),(239,10,239,'2021-02-10 00:24:13','2021-02-10 00:24:13'),(240,10,240,'2021-02-10 00:24:13','2021-02-10 00:24:13'),(241,10,241,'2021-02-10 00:24:13','2021-02-10 00:24:13'),(242,10,242,'2021-02-10 00:24:13','2021-02-10 00:24:13'),(243,10,243,'2021-02-10 00:24:13','2021-02-10 00:24:13'),(244,10,244,'2021-02-10 00:24:13','2021-02-10 00:24:13'),(245,10,245,'2021-02-10 00:24:13','2021-02-10 00:24:13'),(246,10,246,'2021-02-10 00:24:13','2021-02-10 00:24:13'),(247,10,247,'2021-02-10 00:24:13','2021-02-10 00:24:13'),(248,10,248,'2021-02-10 00:24:13','2021-02-10 00:24:13'),(249,10,249,'2021-02-10 00:24:13','2021-02-10 00:24:13'),(250,10,250,'2021-02-10 00:24:13','2021-02-10 00:24:13'),(251,10,251,'2021-02-10 00:24:13','2021-02-10 00:24:13'),(252,10,252,'2021-02-10 00:24:13','2021-02-10 00:24:13'),(253,10,256,'2021-02-10 00:24:13','2021-02-10 00:24:13'),(254,10,253,'2021-02-10 00:24:13','2021-02-10 00:24:13'),(255,10,254,'2021-02-10 00:24:13','2021-02-10 00:24:13'),(256,10,255,'2021-02-10 00:24:13','2021-02-10 00:24:13'),(257,10,257,'2021-02-10 00:24:13','2021-02-10 00:24:13'),(258,10,258,'2021-02-10 00:24:13','2021-02-10 00:24:13'),(259,10,259,'2021-02-10 00:24:13','2021-02-10 00:24:13'),(260,10,260,'2021-02-10 00:24:13','2021-02-10 00:24:13'),(261,10,261,'2021-02-10 00:24:13','2021-02-10 00:24:13'),(262,10,262,'2021-02-10 00:24:13','2021-02-10 00:24:13'),(263,10,263,'2021-02-10 00:24:13','2021-02-10 00:24:13'),(264,10,264,'2021-02-10 00:24:13','2021-02-10 00:24:13'),(265,10,265,'2021-02-10 00:24:13','2021-02-10 00:24:13'),(266,10,266,'2021-02-10 00:24:13','2021-02-10 00:24:13'),(267,10,267,'2021-02-10 00:24:13','2021-02-10 00:24:13'),(268,10,268,'2021-02-10 00:24:13','2021-02-10 00:24:13'),(269,10,269,'2021-02-10 00:24:13','2021-02-10 00:24:13'),(270,10,270,'2021-02-10 00:24:13','2021-02-10 00:24:13'),(271,10,271,'2021-02-10 00:24:13','2021-02-10 00:24:13'),(272,10,272,'2021-02-10 00:24:13','2021-02-10 00:24:13'),(273,10,273,'2021-02-10 00:24:13','2021-02-10 00:24:13'),(274,10,274,'2021-02-10 00:24:13','2021-02-10 00:24:13'),(275,10,275,'2021-02-10 00:24:13','2021-02-10 00:24:13'),(276,10,276,'2021-02-10 00:24:13','2021-02-10 00:24:13'),(277,10,277,'2021-02-10 00:24:13','2021-02-10 00:24:13'),(278,10,278,'2021-02-10 00:24:13','2021-02-10 00:24:13'),(279,10,279,'2021-02-10 00:24:13','2021-02-10 00:24:13'),(280,10,280,'2021-02-10 00:24:13','2021-02-10 00:24:13'),(281,10,281,'2021-02-10 00:24:13','2021-02-10 00:24:13'),(282,10,282,'2021-02-10 00:24:13','2021-02-10 00:24:13'),(283,10,283,'2021-02-10 00:24:13','2021-02-10 00:24:13'),(284,10,284,'2021-02-10 00:24:13','2021-02-10 00:24:13'),(285,10,285,'2021-02-10 00:24:13','2021-02-10 00:24:13'),(286,10,286,'2021-02-10 00:24:13','2021-02-10 00:24:13'),(287,10,287,'2021-02-10 00:24:13','2021-02-10 00:24:13'),(288,10,288,'2021-02-10 00:24:13','2021-02-10 00:24:13'),(289,10,289,'2021-02-10 00:24:13','2021-02-10 00:24:13'),(290,10,290,'2021-02-10 00:24:13','2021-02-10 00:24:13'),(291,10,291,'2021-02-10 00:24:13','2021-02-10 00:24:13'),(292,10,292,'2021-02-10 00:24:13','2021-02-10 00:24:13'),(293,10,293,'2021-02-10 00:24:13','2021-02-10 00:24:13'),(294,10,294,'2021-02-10 00:24:13','2021-02-10 00:24:13'),(295,10,295,'2021-02-10 00:24:13','2021-02-10 00:24:13'),(296,10,296,'2021-02-10 00:24:13','2021-02-10 00:24:13'),(297,10,297,'2021-02-10 00:24:13','2021-02-10 00:24:13'),(298,10,298,'2021-02-10 00:24:13','2021-02-10 00:24:13'),(299,10,299,'2021-02-10 00:24:13','2021-02-10 00:24:13'),(300,10,300,'2021-02-10 00:24:13','2021-02-10 00:24:13'),(301,10,301,'2021-02-10 00:24:13','2021-02-10 00:24:13'),(302,10,302,'2021-02-10 00:24:13','2021-02-10 00:24:13'),(303,10,303,'2021-02-10 00:24:13','2021-02-10 00:24:13'),(304,10,304,'2021-02-10 00:24:13','2021-02-10 00:24:13'),(305,10,305,'2021-02-10 00:24:13','2021-02-10 00:24:13'),(306,10,306,'2021-02-10 00:24:13','2021-02-10 00:24:13'),(307,10,307,'2021-02-10 00:24:13','2021-02-10 00:24:13'),(308,10,308,'2021-02-10 00:24:13','2021-02-10 00:24:13'),(309,10,309,'2021-02-10 00:24:13','2021-02-10 00:24:13'),(310,10,310,'2021-02-10 00:24:13','2021-02-10 00:24:13'),(311,10,311,'2021-02-10 00:24:13','2021-02-10 00:24:13'),(312,10,312,'2021-02-10 00:24:13','2021-02-10 00:24:13'),(313,10,313,'2021-02-10 00:24:13','2021-02-10 00:24:13'),(314,10,314,'2021-02-10 00:24:13','2021-02-10 00:24:13'),(315,10,315,'2021-02-10 00:24:13','2021-02-10 00:24:13'),(316,10,316,'2021-02-10 00:24:13','2021-02-10 00:24:13'),(317,10,317,'2021-02-10 00:24:13','2021-02-10 00:24:13'),(318,10,318,'2021-02-10 00:24:13','2021-02-10 00:24:13'),(319,10,319,'2021-02-10 00:24:13','2021-02-10 00:24:13'),(320,10,320,'2021-02-10 00:24:13','2021-02-10 00:24:13'),(321,10,321,'2021-02-10 00:24:14','2021-02-10 00:24:14'),(322,10,322,'2021-02-10 00:24:14','2021-02-10 00:24:14'),(323,10,323,'2021-02-10 00:24:14','2021-02-10 00:24:14'),(324,10,324,'2021-02-10 00:24:14','2021-02-10 00:24:14'),(325,10,325,'2021-02-10 00:24:14','2021-02-10 00:24:14'),(326,10,326,'2021-02-10 00:24:14','2021-02-10 00:24:14'),(327,10,327,'2021-02-10 00:24:14','2021-02-10 00:24:14'),(328,10,328,'2021-02-10 00:24:14','2021-02-10 00:24:14'),(329,10,329,'2021-02-10 00:24:14','2021-02-10 00:24:14'),(330,10,330,'2021-02-10 00:24:14','2021-02-10 00:24:14'),(331,10,331,'2021-02-10 00:24:14','2021-02-10 00:24:14'),(332,10,332,'2021-02-10 00:24:14','2021-02-10 00:24:14'),(333,10,333,'2021-02-10 00:24:14','2021-02-10 00:24:14'),(334,10,334,'2021-02-10 00:24:14','2021-02-10 00:24:14'),(335,10,335,'2021-02-10 00:24:14','2021-02-10 00:24:14'),(336,10,336,'2021-02-10 00:24:14','2021-02-10 00:24:14'),(337,10,337,'2021-02-10 00:24:14','2021-02-10 00:24:14'),(338,10,338,'2021-02-10 00:24:14','2021-02-10 00:24:14'),(339,10,339,'2021-02-10 00:24:14','2021-02-10 00:24:14'),(340,10,340,'2021-02-10 00:24:14','2021-02-10 00:24:14'),(341,10,341,'2021-02-10 00:24:14','2021-02-10 00:24:14'),(342,10,342,'2021-02-10 00:24:14','2021-02-10 00:24:14'),(343,10,343,'2021-02-10 00:24:14','2021-02-10 00:24:14'),(344,10,344,'2021-02-10 00:24:14','2021-02-10 00:24:14'),(345,10,345,'2021-02-10 00:24:14','2021-02-10 00:24:14'),(346,10,346,'2021-02-10 00:24:14','2021-02-10 00:24:14'),(347,10,347,'2021-02-10 00:24:14','2021-02-10 00:24:14'),(348,10,348,'2021-02-10 00:24:14','2021-02-10 00:24:14'),(349,10,349,'2021-02-10 00:24:14','2021-02-10 00:24:14'),(350,10,350,'2021-02-10 00:24:14','2021-02-10 00:24:14'),(351,10,351,'2021-02-10 00:24:14','2021-02-10 00:24:14'),(352,10,352,'2021-02-10 00:24:14','2021-02-10 00:24:14'),(353,10,353,'2021-02-10 00:24:14','2021-02-10 00:24:14'),(354,10,354,'2021-02-10 00:24:14','2021-02-10 00:24:14'),(355,10,355,'2021-02-10 00:24:14','2021-02-10 00:24:14'),(356,10,356,'2021-02-10 00:24:14','2021-02-10 00:24:14'),(357,10,357,'2021-02-10 00:24:14','2021-02-10 00:24:14'),(358,10,358,'2021-02-10 00:24:14','2021-02-10 00:24:14'),(359,10,359,'2021-02-10 00:24:14','2021-02-10 00:24:14'),(360,10,360,'2021-02-10 00:24:14','2021-02-10 00:24:14'),(361,10,361,'2021-02-10 00:24:14','2021-02-10 00:24:14'),(362,10,362,'2021-02-10 00:24:14','2021-02-10 00:24:14'),(363,10,363,'2021-02-10 00:24:14','2021-02-10 00:24:14'),(364,10,364,'2021-02-10 00:24:14','2021-02-10 00:24:14'),(365,10,365,'2021-02-10 00:24:14','2021-02-10 00:24:14'),(366,10,366,'2021-02-10 00:24:14','2021-02-10 00:24:14'),(367,10,367,'2021-02-10 00:24:14','2021-02-10 00:24:14'),(368,10,368,'2021-02-10 00:24:14','2021-02-10 00:24:14'),(369,10,369,'2021-02-10 00:24:14','2021-02-10 00:24:14'),(370,10,370,'2021-02-10 00:24:14','2021-02-10 00:24:14'),(371,10,371,'2021-02-10 00:24:14','2021-02-10 00:24:14'),(372,10,372,'2021-02-10 00:24:14','2021-02-10 00:24:14'),(373,10,373,'2021-02-10 00:24:14','2021-02-10 00:24:14'),(374,10,374,'2021-02-10 00:24:14','2021-02-10 00:24:14'),(375,10,375,'2021-02-10 00:24:14','2021-02-10 00:24:14'),(376,10,376,'2021-02-10 00:24:14','2021-02-10 00:24:14'),(377,10,377,'2021-02-10 00:24:14','2021-02-10 00:24:14'),(378,10,378,'2021-02-10 00:24:14','2021-02-10 00:24:14'),(379,10,379,'2021-02-10 00:24:14','2021-02-10 00:24:14'),(380,10,380,'2021-02-10 00:24:14','2021-02-10 00:24:14'),(381,10,381,'2021-02-10 00:24:14','2021-02-10 00:24:14'),(382,10,382,'2021-02-10 00:24:14','2021-02-10 00:24:14'),(383,10,383,'2021-02-10 00:24:14','2021-02-10 00:24:14'),(384,10,384,'2021-02-10 00:24:14','2021-02-10 00:24:14'),(385,10,385,'2021-02-10 00:24:14','2021-02-10 00:24:14'),(386,10,386,'2021-02-10 00:24:14','2021-02-10 00:24:14'),(387,10,387,'2021-02-10 00:24:14','2021-02-10 00:24:14'),(388,10,388,'2021-02-10 00:24:14','2021-02-10 00:24:14'),(389,10,389,'2021-02-10 00:24:14','2021-02-10 00:24:14'),(390,10,390,'2021-02-10 00:24:14','2021-02-10 00:24:14'),(391,10,391,'2021-02-10 00:24:14','2021-02-10 00:24:14'),(392,10,392,'2021-02-10 00:24:14','2021-02-10 00:24:14'),(393,10,393,'2021-02-10 00:24:14','2021-02-10 00:24:14'),(394,10,394,'2021-02-10 00:24:14','2021-02-10 00:24:14'),(395,10,395,'2021-02-10 00:24:14','2021-02-10 00:24:14'),(396,10,396,'2021-02-10 00:24:14','2021-02-10 00:24:14'),(397,10,397,'2021-02-10 00:24:14','2021-02-10 00:24:14'),(398,10,398,'2021-02-10 00:24:14','2021-02-10 00:24:14'),(399,10,399,'2021-02-10 00:24:14','2021-02-10 00:24:14'),(400,10,400,'2021-02-10 00:24:14','2021-02-10 00:24:14');
/*!40000 ALTER TABLE `stocks` ENABLE KEYS */;
UNLOCK TABLES;

--
-- Table structure for table `telescope_entries`
--

DROP TABLE IF EXISTS `telescope_entries`;
/*!40101 SET @saved_cs_client     = @@character_set_client */;
/*!40101 SET character_set_client = utf8 */;
CREATE TABLE `telescope_entries` (
  `sequence` bigint(20) unsigned NOT NULL AUTO_INCREMENT,
  `uuid` char(36) COLLATE utf8mb4_unicode_ci NOT NULL,
  `batch_id` char(36) COLLATE utf8mb4_unicode_ci NOT NULL,
  `family_hash` varchar(255) COLLATE utf8mb4_unicode_ci DEFAULT NULL,
  `should_display_on_index` tinyint(1) NOT NULL DEFAULT '1',
  `type` varchar(20) COLLATE utf8mb4_unicode_ci NOT NULL,
  `content` longtext COLLATE utf8mb4_unicode_ci NOT NULL,
  `created_at` datetime DEFAULT NULL,
  PRIMARY KEY (`sequence`),
  UNIQUE KEY `telescope_entries_uuid_unique` (`uuid`),
  KEY `telescope_entries_batch_id_index` (`batch_id`),
  KEY `telescope_entries_family_hash_index` (`family_hash`),
  KEY `telescope_entries_created_at_index` (`created_at`),
  KEY `telescope_entries_type_should_display_on_index_index` (`type`,`should_display_on_index`)
) ENGINE=InnoDB DEFAULT CHARSET=utf8mb4 COLLATE=utf8mb4_unicode_ci;
/*!40101 SET character_set_client = @saved_cs_client */;

--
-- Dumping data for table `telescope_entries`
--

LOCK TABLES `telescope_entries` WRITE;
/*!40000 ALTER TABLE `telescope_entries` DISABLE KEYS */;
/*!40000 ALTER TABLE `telescope_entries` ENABLE KEYS */;
UNLOCK TABLES;

--
-- Table structure for table `telescope_entries_tags`
--

DROP TABLE IF EXISTS `telescope_entries_tags`;
/*!40101 SET @saved_cs_client     = @@character_set_client */;
/*!40101 SET character_set_client = utf8 */;
CREATE TABLE `telescope_entries_tags` (
  `entry_uuid` char(36) COLLATE utf8mb4_unicode_ci NOT NULL,
  `tag` varchar(255) COLLATE utf8mb4_unicode_ci NOT NULL,
  KEY `telescope_entries_tags_entry_uuid_tag_index` (`entry_uuid`,`tag`),
  KEY `telescope_entries_tags_tag_index` (`tag`),
  CONSTRAINT `telescope_entries_tags_entry_uuid_foreign` FOREIGN KEY (`entry_uuid`) REFERENCES `telescope_entries` (`uuid`) ON DELETE CASCADE
) ENGINE=InnoDB DEFAULT CHARSET=utf8mb4 COLLATE=utf8mb4_unicode_ci;
/*!40101 SET character_set_client = @saved_cs_client */;

--
-- Dumping data for table `telescope_entries_tags`
--

LOCK TABLES `telescope_entries_tags` WRITE;
/*!40000 ALTER TABLE `telescope_entries_tags` DISABLE KEYS */;
/*!40000 ALTER TABLE `telescope_entries_tags` ENABLE KEYS */;
UNLOCK TABLES;

--
-- Table structure for table `telescope_monitoring`
--

DROP TABLE IF EXISTS `telescope_monitoring`;
/*!40101 SET @saved_cs_client     = @@character_set_client */;
/*!40101 SET character_set_client = utf8 */;
CREATE TABLE `telescope_monitoring` (
  `tag` varchar(255) COLLATE utf8mb4_unicode_ci NOT NULL
) ENGINE=InnoDB DEFAULT CHARSET=utf8mb4 COLLATE=utf8mb4_unicode_ci;
/*!40101 SET character_set_client = @saved_cs_client */;

--
-- Dumping data for table `telescope_monitoring`
--

LOCK TABLES `telescope_monitoring` WRITE;
/*!40000 ALTER TABLE `telescope_monitoring` DISABLE KEYS */;
/*!40000 ALTER TABLE `telescope_monitoring` ENABLE KEYS */;
UNLOCK TABLES;

--
-- Table structure for table `user_cart`
--

DROP TABLE IF EXISTS `user_cart`;
/*!40101 SET @saved_cs_client     = @@character_set_client */;
/*!40101 SET character_set_client = utf8 */;
CREATE TABLE `user_cart` (
  `id` bigint(20) unsigned NOT NULL AUTO_INCREMENT,
  `user_id` bigint(20) unsigned DEFAULT NULL,
  `product_variation_id` bigint(20) unsigned DEFAULT NULL,
  `quantity` int(10) unsigned NOT NULL DEFAULT '1',
  `created_at` timestamp NULL DEFAULT NULL,
  `updated_at` timestamp NULL DEFAULT NULL,
  PRIMARY KEY (`id`),
  KEY `user_cart_user_id_foreign` (`user_id`),
  KEY `user_cart_product_variation_id_foreign` (`product_variation_id`),
  CONSTRAINT `user_cart_product_variation_id_foreign` FOREIGN KEY (`product_variation_id`) REFERENCES `product_variations` (`id`) ON DELETE CASCADE,
  CONSTRAINT `user_cart_user_id_foreign` FOREIGN KEY (`user_id`) REFERENCES `users` (`id`) ON DELETE CASCADE
) ENGINE=InnoDB DEFAULT CHARSET=utf8mb4 COLLATE=utf8mb4_unicode_ci;
/*!40101 SET character_set_client = @saved_cs_client */;

--
-- Dumping data for table `user_cart`
--

LOCK TABLES `user_cart` WRITE;
/*!40000 ALTER TABLE `user_cart` DISABLE KEYS */;
/*!40000 ALTER TABLE `user_cart` ENABLE KEYS */;
UNLOCK TABLES;

--
-- Table structure for table `users`
--

DROP TABLE IF EXISTS `users`;
/*!40101 SET @saved_cs_client     = @@character_set_client */;
/*!40101 SET character_set_client = utf8 */;
CREATE TABLE `users` (
  `id` bigint(20) unsigned NOT NULL AUTO_INCREMENT,
  `name` varchar(255) COLLATE utf8mb4_unicode_ci NOT NULL,
  `email` varchar(255) COLLATE utf8mb4_unicode_ci NOT NULL,
  `email_verified_at` timestamp NULL DEFAULT NULL,
  `password` varchar(255) COLLATE utf8mb4_unicode_ci NOT NULL,
  `remember_token` varchar(100) COLLATE utf8mb4_unicode_ci DEFAULT NULL,
  `created_at` timestamp NULL DEFAULT NULL,
  `updated_at` timestamp NULL DEFAULT NULL,
  PRIMARY KEY (`id`),
  UNIQUE KEY `users_email_unique` (`email`)
) ENGINE=InnoDB AUTO_INCREMENT=8 DEFAULT CHARSET=utf8mb4 COLLATE=utf8mb4_unicode_ci;
/*!40101 SET character_set_client = @saved_cs_client */;

--
-- Dumping data for table `users`
--

LOCK TABLES `users` WRITE;
/*!40000 ALTER TABLE `users` DISABLE KEYS */;
INSERT INTO `users` VALUES (1,'Mohamed Zayed','mohamed.zayed@app.com',NULL,'$2y$10$XCxgOBDZOWmtK0fq/OUIMuSyFQ/tFreJfmGv1BLhANsyxIJG8qD4.','9AnJRECZft','2021-02-10 00:24:10','2021-02-10 00:24:10'),(2,'Francesco Orn','xherzog@example.com','2021-02-10 00:24:10','$2y$10$AwIegJ919UQwmdTkmbRTUe1LUdUg2Q73/155YLLKX9kiH3qmNwkly','gaT7J9QUJF','2021-02-10 00:24:10','2021-02-10 00:24:10'),(3,'Jon Brown','quitzon.delphine@example.com','2021-02-10 00:24:10','$2y$10$8PkjitXMTqOAvODV.1kl5ev/JkdQe1R5R.6g0c6PslG/Qoe7VCbOi','huBIfxprJh','2021-02-10 00:24:10','2021-02-10 00:24:10'),(4,'Taya Stiedemann','sheila98@example.net','2021-02-10 00:24:10','$2y$10$IKJJ9XRP9YXLp3agfpOL6euOsFmcTtfc76aaaBeetzWoqb5Ys/AoK','frguaGRD4O','2021-02-10 00:24:10','2021-02-10 00:24:10'),(5,'Sigmund Hoppe','herman.baby@example.net','2021-02-10 00:24:10','$2y$10$UIu40gKruNzGAtvoLyDZjO2Cc5toDAJtcWer55ujDQ2MiwX/AQsmO','9JoVFsjPfH','2021-02-10 00:24:10','2021-02-10 00:24:10'),(6,'Marquis Ruecker','bins.manuel@example.org','2021-02-10 00:24:10','$2y$10$K9tRk/CuyBn.D/APkDvCrezOKRnM2I9whjM7McwBRnQ92nwkX6duK','nTJwXg8cq8','2021-02-10 00:24:10','2021-02-10 00:24:10'),(7,'Miss Teagan Pagac','ansley35@example.net','2021-02-10 00:24:10','$2y$10$Wz8AbPPZJeaVudyuXOq5U.cPmn3VEXAO7Z4hZEH/Ns3qyPR7255uy','DIwY75RyfB','2021-02-10 00:24:10','2021-02-10 00:24:10');
/*!40000 ALTER TABLE `users` ENABLE KEYS */;
UNLOCK TABLES;

--
-- Final view structure for view `product_variation_stock_view`
--

/*!50001 DROP VIEW IF EXISTS `product_variation_stock_view`*/;
/*!50001 SET @saved_cs_client          = @@character_set_client */;
/*!50001 SET @saved_cs_results         = @@character_set_results */;
/*!50001 SET @saved_col_connection     = @@collation_connection */;
/*!50001 SET character_set_client      = utf8mb4 */;
/*!50001 SET character_set_results     = utf8mb4 */;
/*!50001 SET collation_connection      = utf8mb4_unicode_ci */;
/*!50001 CREATE ALGORITHM=UNDEFINED */
/*!50013 DEFINER=`root`@`127.0.0.1` SQL SECURITY DEFINER */
/*!50001 VIEW `product_variation_stock_view` AS select `study_nuxt_laravel_ecommerce`.`product_variations`.`product_id` AS `product_id`,`study_nuxt_laravel_ecommerce`.`product_variations`.`id` AS `product_variation_id`,(coalesce(sum(`stocks`.`quantity`),0) - coalesce(sum(`product_variation_order`.`quantity`),0)) AS `stock`,if(((coalesce(sum(`stocks`.`quantity`),0) - coalesce(sum(`product_variation_order`.`quantity`),0)) > 0),TRUE,FALSE) AS `in_stock` from ((`study_nuxt_laravel_ecommerce`.`product_variations` left join (select `study_nuxt_laravel_ecommerce`.`stocks`.`product_variation_id` AS `id`,coalesce(sum(`study_nuxt_laravel_ecommerce`.`stocks`.`quantity`),0) AS `quantity` from `study_nuxt_laravel_ecommerce`.`stocks` group by `study_nuxt_laravel_ecommerce`.`stocks`.`product_variation_id`) `stocks` on((`study_nuxt_laravel_ecommerce`.`product_variations`.`id` = `stocks`.`id`))) left join (select `study_nuxt_laravel_ecommerce`.`product_variation_order`.`product_variation_id` AS `id`,coalesce(sum(`study_nuxt_laravel_ecommerce`.`product_variation_order`.`quantity`),0) AS `quantity` from `study_nuxt_laravel_ecommerce`.`product_variation_order` group by `study_nuxt_laravel_ecommerce`.`product_variation_order`.`product_variation_id`) `product_variation_order` on((`study_nuxt_laravel_ecommerce`.`product_variations`.`id` = `product_variation_order`.`id`))) group by `study_nuxt_laravel_ecommerce`.`product_variations`.`id` */;
/*!50001 SET character_set_client      = @saved_cs_client */;
/*!50001 SET character_set_results     = @saved_cs_results */;
/*!50001 SET collation_connection      = @saved_col_connection */;
/*!40103 SET TIME_ZONE=@OLD_TIME_ZONE */;

/*!40101 SET SQL_MODE=@OLD_SQL_MODE */;
/*!40014 SET FOREIGN_KEY_CHECKS=@OLD_FOREIGN_KEY_CHECKS */;
/*!40014 SET UNIQUE_CHECKS=@OLD_UNIQUE_CHECKS */;
/*!40101 SET CHARACTER_SET_CLIENT=@OLD_CHARACTER_SET_CLIENT */;
/*!40101 SET CHARACTER_SET_RESULTS=@OLD_CHARACTER_SET_RESULTS */;
/*!40101 SET COLLATION_CONNECTION=@OLD_COLLATION_CONNECTION */;
/*!40111 SET SQL_NOTES=@OLD_SQL_NOTES */;

-- Dump completed on 2021-02-10  2:25:28
